,Date,Open,High,Low,Close,Volume
0,15-04-2020,158.61,158.61,158.61,158.61,0.0
1,14-04-2020,156.97,162.15,155.74,158.61,18061.58
2,13-04-2020,158.56,159.51,150.12,156.97,15698.32
3,12-04-2020,158.66,165.37,155.21,158.56,12877.33
4,11-04-2020,158.26,161.49,154.25,158.66,13761.72
5,10-04-2020,171.16,171.16,152.46,158.26,35635.43
6,09-04-2020,173.48,173.48,165.33,171.16,17411.01
7,08-04-2020,164.7,174.81,163.78,173.48,20071.04
8,07-04-2020,171.49,176.74,162.34,164.7,46133.4
9,06-04-2020,143.04,172.13,142.87,171.49,59235.58
10,05-04-2020,144.73,145.8,141.0,143.04,7986.14
11,04-04-2020,141.46,146.5,138.82,144.73,19744.24
12,03-04-2020,141.56,146.87,137.85,141.46,25410.75
13,02-04-2020,136.0,150.32,135.55,141.56,34902.18
14,01-04-2020,133.42,137.33,128.93,136.0,18294.09
15,31-03-2020,132.36,135.4,130.77,133.42,15514.29
16,30-03-2020,124.5,135.56,124.09,132.36,29171.17
17,29-03-2020,131.27,132.0,123.87,124.5,9427.22
18,28-03-2020,131.79,133.45,124.7,131.27,19399.49
19,27-03-2020,136.98,142.38,130.0,131.79,16016.63
20,26-03-2020,136.35,138.91,133.53,136.98,22375.26
21,25-03-2020,139.14,142.88,132.87,136.35,40918.47
22,24-03-2020,136.64,144.14,133.17,139.14,62191.42
23,23-03-2020,122.63,138.38,119.17,136.64,63493.15
24,22-03-2020,132.46,137.35,120.82,122.63,36521.05
25,21-03-2020,133.39,137.67,125.79,132.46,47898.74
26,20-03-2020,136.99,153.17,115.0,133.39,90019.86
27,19-03-2020,118.68,143.5,115.9,136.99,53823.78
28,18-03-2020,116.69,118.96,110.31,118.68,30654.44
29,17-03-2020,111.51,121.78,109.7,116.69,33923.85
30,16-03-2020,123.46,123.7,100.7,111.51,147138.58
31,15-03-2020,122.37,133.9,119.49,123.46,44824.29
32,14-03-2020,135.4,138.99,120.73,122.37,26037.2
33,13-03-2020,109.28,144.22,86.62,135.4,179631.7
34,12-03-2020,194.46,195.48,101.2,109.28,206706.03
35,11-03-2020,200.79,203.01,181.67,194.46,30389.42
36,10-03-2020,202.72,206.28,195.72,200.79,32294.95
37,09-03-2020,199.66,208.5,189.97,202.72,50295.32
38,08-03-2020,237.55,237.93,196.1,199.66,25858.35
39,07-03-2020,245.83,252.16,235.67,237.55,8477.35
40,06-03-2020,228.21,245.85,228.21,245.83,11640.05
41,05-03-2020,224.67,234.4,224.59,228.21,27105.51
42,04-03-2020,223.77,228.72,220.38,224.67,26885.16
43,03-03-2020,232.15,232.82,219.93,223.77,37610.65
44,02-03-2020,217.85,234.93,215.78,232.15,28849.56
45,01-03-2020,217.35,227.77,212.16,217.85,17085.53
46,29-02-2020,227.43,233.36,217.26,217.35,7035.9
47,28-02-2020,227.14,234.38,213.0,227.43,18755.55
48,27-02-2020,224.0,238.27,209.77,227.14,30282.57
49,26-02-2020,246.31,249.77,215.5,224.0,34381.8
50,25-02-2020,265.9,266.26,244.7,246.31,24946.49
51,24-02-2020,275.92,278.0,256.64,265.9,25666.64
52,23-02-2020,262.51,276.63,262.14,275.92,6000.03
53,22-02-2020,265.4,266.86,256.8,262.51,5912.03
54,21-02-2020,257.8,268.57,257.41,265.4,9163.59
55,20-02-2020,259.07,264.59,245.47,257.8,23951.33
56,19-02-2020,283.66,287.41,251.07,259.07,29267.55
57,18-02-2020,267.67,286.54,259.39,283.66,24360.52
58,17-02-2020,259.03,268.99,242.58,267.67,18833.8
59,16-02-2020,264.94,273.96,236.56,259.03,43567.01
60,15-02-2020,286.48,289.58,261.72,264.94,24828.66
61,14-02-2020,268.76,287.68,260.36,286.48,12151.56
62,13-02-2020,267.07,278.34,256.42,268.76,43485.43
63,12-02-2020,237.9,275.82,237.9,267.07,48299.44
64,11-02-2020,223.7,239.73,218.13,237.9,32170.54
65,10-02-2020,228.98,229.69,217.09,223.7,20264.38
66,09-02-2020,223.76,230.99,223.7,228.98,15128.75
67,08-02-2020,223.03,228.0,213.49,223.76,22035.79
68,07-02-2020,213.19,224.29,213.19,223.03,8486.64
69,06-02-2020,203.93,216.2,201.09,213.19,17049.96
70,05-02-2020,188.2,207.99,187.6,203.93,15342.5
71,04-02-2020,189.86,191.49,183.97,188.2,8563.4
72,03-02-2020,188.36,196.0,186.56,189.86,15685.52
73,02-02-2020,183.54,193.32,178.82,188.36,15310.91
74,01-02-2020,179.75,184.05,179.15,183.54,4090.5
75,31-01-2020,184.46,185.54,175.33,179.75,25967.47
76,30-01-2020,173.55,186.88,170.54,184.46,13142.34
77,29-01-2020,176.15,178.49,173.37,173.55,14301.91
78,28-01-2020,169.99,176.58,169.96,176.15,11890.43
79,27-01-2020,167.5,171.86,164.81,169.99,10356.25
80,26-01-2020,160.12,167.5,159.14,167.5,5125.89
81,25-01-2020,162.53,162.6,157.43,160.12,3817.81
82,24-01-2020,162.62,165.0,155.11,162.53,7694.9
83,23-01-2020,167.78,167.78,158.72,162.62,19028.44
84,22-01-2020,169.21,170.99,165.63,167.78,8292.14
85,21-01-2020,166.94,169.78,164.4,169.21,5977.04
86,20-01-2020,166.95,169.31,161.16,166.94,21125.93
87,19-01-2020,174.03,177.71,162.0,166.95,18208.92
88,18-01-2020,170.23,179.65,165.1,174.03,10761.97
89,17-01-2020,164.04,174.32,162.38,170.23,19438.79
90,16-01-2020,166.1,167.23,158.48,164.04,17747.09
91,15-01-2020,165.83,172.0,159.43,166.1,22286.47
92,14-01-2020,143.78,170.62,143.78,165.83,43694.86
93,13-01-2020,146.57,146.95,142.43,143.78,5901.08
94,12-01-2020,142.59,146.57,141.95,146.57,4002.33
95,11-01-2020,144.75,148.19,142.21,142.59,10286.53
96,10-01-2020,137.76,145.32,135.36,144.75,13340.58
97,09-01-2020,141.12,141.25,135.33,137.76,10076.43
98,08-01-2020,143.13,148.18,137.33,141.12,16867.66
99,07-01-2020,144.12,145.28,139.02,143.13,12391.4
100,06-01-2020,135.39,148.97,134.95,144.12,34466.62
101,05-01-2020,134.14,138.16,134.1,135.39,7015.13
102,04-01-2020,133.94,136.0,132.58,134.14,7537.05
103,03-01-2020,126.83,134.62,125.6,133.94,22800.23
104,02-01-2020,130.25,130.25,126.19,126.83,11842.45
105,01-01-2020,128.84,132.57,128.07,130.25,10641.08
106,31-12-2019,131.0,133.37,127.77,128.84,16974.13
107,30-12-2019,134.21,135.77,130.0,131.0,8666.6
108,29-12-2019,127.83,137.53,126.96,134.21,7721.35
109,28-12-2019,126.13,129.5,125.86,127.83,3684.42
110,27-12-2019,125.32,126.59,122.2,126.13,5875.55
111,26-12-2019,124.98,132.0,124.18,125.32,5615.9
112,25-12-2019,127.66,127.66,123.4,124.98,3373.11
113,24-12-2019,128.14,129.49,126.66,127.66,3701.21
114,23-12-2019,132.35,135.19,126.23,128.14,12091.86
115,22-12-2019,126.96,133.37,126.9,132.35,4969.42
116,21-12-2019,128.48,128.48,126.68,126.96,2450.96
117,20-12-2019,128.07,129.4,125.02,128.48,14267.16
118,19-12-2019,132.96,134.04,125.81,128.07,8430.62
119,18-12-2019,121.88,134.94,116.21,132.96,15469.88
120,17-12-2019,132.51,132.62,120.0,121.88,17516.79
121,16-12-2019,142.33,142.46,129.2,132.51,16840.73
122,15-12-2019,141.74,144.08,140.0,142.33,2757.41
123,14-12-2019,144.7,145.0,141.18,141.74,2316.42
124,13-12-2019,144.77,145.04,142.86,144.7,4756.42
125,12-12-2019,143.17,145.47,139.02,144.77,10856.41
126,11-12-2019,145.69,146.3,142.02,143.17,3412.98
127,10-12-2019,147.36,148.16,144.0,145.69,3618.29
128,09-12-2019,150.66,151.45,146.75,147.36,4802.37
129,08-12-2019,147.29,151.99,146.4,150.66,3394.14
130,07-12-2019,148.83,149.82,147.0,147.29,1413.74
131,06-12-2019,147.85,149.85,145.9,148.83,5989.8
132,05-12-2019,145.49,148.87,143.78,147.85,7803.54
133,04-12-2019,147.52,152.36,143.46,145.49,15381.08
134,03-12-2019,149.0,149.95,145.92,147.52,5054.93
135,02-12-2019,151.59,151.68,146.9,149.0,5055.52
136,01-12-2019,151.8,152.28,146.16,151.59,6353.82
137,30-11-2019,154.44,155.51,150.0,151.8,3872.94
138,29-11-2019,151.06,157.64,150.96,154.44,7020.08
139,28-11-2019,152.91,154.79,149.52,151.06,5098.31
140,27-11-2019,147.67,155.77,141.0,152.91,21680.21
141,26-11-2019,146.09,149.99,143.77,147.67,9324.78
142,25-11-2019,140.23,151.69,132.03,146.09,31920.12
143,24-11-2019,152.29,152.82,138.96,140.23,12170.7
144,23-11-2019,150.31,154.44,146.5,152.29,5959.93
145,22-11-2019,160.8,162.34,137.8,150.31,44638.35
146,21-11-2019,174.24,175.2,155.57,160.8,17884.96
147,20-11-2019,175.5,177.25,173.0,174.24,8437.23
148,19-11-2019,177.96,178.07,172.51,175.5,7395.08
149,18-11-2019,183.93,183.93,174.43,177.96,9068.95
150,17-11-2019,182.41,186.3,179.98,183.93,1307.01
151,16-11-2019,179.95,183.43,179.23,182.41,1425.72
152,15-11-2019,184.58,186.53,177.0,179.95,9777.54
153,14-11-2019,187.81,188.42,182.8,184.58,6136.44
154,13-11-2019,186.98,189.4,185.14,187.81,5799.04
155,12-11-2019,184.79,187.16,182.06,186.98,8106.69
156,11-11-2019,188.97,189.95,183.84,184.79,5750.52
157,10-11-2019,184.89,192.12,183.47,188.97,5335.46
158,09-11-2019,183.9,185.75,182.76,184.89,1900.02
159,08-11-2019,186.52,188.1,180.7,183.9,4875.09
160,07-11-2019,191.38,192.27,184.5,186.52,8520.42
161,06-11-2019,188.92,194.79,188.0,191.38,10576.99
162,05-11-2019,186.28,192.64,182.51,188.92,16736.98
163,04-11-2019,181.65,189.43,180.5,186.28,4527.82
164,03-11-2019,183.25,185.11,179.02,181.65,2189.88
165,02-11-2019,183.26,186.27,182.02,183.25,2697.45
166,01-11-2019,182.43,184.93,177.31,183.26,8417.44
167,31-10-2019,183.15,185.33,178.01,182.43,8221.46
168,30-10-2019,191.32,192.02,180.11,183.15,10424.7
169,29-10-2019,182.16,193.0,181.83,191.32,11583.47
170,28-10-2019,184.22,189.82,180.88,182.16,10517.56
171,27-10-2019,180.28,189.12,177.31,184.22,4581.69
172,26-10-2019,181.65,199.38,173.91,180.28,17696.01
173,25-10-2019,161.25,187.78,160.7,181.65,15497.86
174,24-10-2019,162.7,163.78,159.06,161.25,7506.65
175,23-10-2019,171.46,171.49,153.0,162.7,35005.88
176,22-10-2019,174.63,175.5,170.7,171.46,5743.54
177,21-10-2019,175.56,177.9,171.93,174.63,6354.4
178,20-10-2019,172.02,176.8,169.62,175.56,5571.16
179,19-10-2019,172.77,175.09,169.87,172.02,4031.79
180,18-10-2019,177.3,177.4,168.41,172.77,10244.05
181,17-10-2019,174.35,179.0,172.0,177.3,18735.88
182,16-10-2019,180.68,181.32,171.59,174.35,10030.72
183,15-10-2019,186.68,188.43,177.08,180.68,15958.96
184,14-10-2019,181.04,187.97,180.59,186.68,15144.8
185,13-10-2019,180.0,184.69,178.84,181.04,4847.68
186,12-10-2019,180.74,184.83,177.44,180.0,8209.89
187,11-10-2019,191.65,197.77,179.61,180.74,16729.07
188,10-10-2019,193.23,194.89,187.47,191.65,6654.78
189,09-10-2019,180.95,198.0,179.29,193.23,22605.98
190,08-10-2019,180.2,185.09,177.59,180.95,7278.95
191,07-10-2019,170.15,182.6,168.98,180.2,8879.98
192,06-10-2019,176.22,177.0,167.6,170.15,5950.52
193,05-10-2019,176.16,177.13,172.11,176.22,1987.68
194,04-10-2019,175.0,179.47,170.84,176.16,7481.29
195,03-10-2019,180.78,181.07,169.81,175.0,9688.15
196,02-10-2019,176.05,181.9,174.21,180.78,9292.69
197,01-10-2019,181.0,185.75,173.85,176.05,15446.38
198,30-09-2019,169.27,181.87,165.11,181.0,18264.49
199,29-09-2019,173.93,174.71,164.7,169.27,4903.69
200,28-09-2019,174.36,175.87,168.57,173.93,7671.42
201,27-09-2019,165.85,177.08,161.17,174.36,15727.34
202,26-09-2019,169.87,170.93,152.11,165.85,26159.49
203,25-09-2019,166.15,175.0,162.47,169.87,16209.66
204,24-09-2019,200.68,202.69,152.39,166.15,57331.2
205,23-09-2019,211.37,211.41,198.34,200.68,11158.06
206,22-09-2019,215.16,215.23,206.12,211.37,6283.79
207,21-09-2019,218.59,221.4,214.0,215.16,5753.27
208,20-09-2019,220.29,220.49,212.01,218.59,7633.77
209,19-09-2019,210.4,224.71,202.34,220.29,15095.37
210,18-09-2019,208.15,217.25,208.15,210.4,12092.71
211,17-09-2019,197.8,215.0,196.27,208.15,16399.13
212,16-09-2019,189.49,199.75,188.58,197.8,15868.37
213,15-09-2019,188.83,191.03,186.5,189.49,4802.9
214,14-09-2019,181.43,189.95,180.32,188.83,5842.43
215,13-09-2019,180.88,181.8,177.7,181.43,4494.36
216,12-09-2019,178.47,182.6,176.45,180.88,2749.15
217,11-09-2019,179.61,182.7,173.7,178.47,12741.56
218,10-09-2019,181.04,184.35,176.68,179.61,8576.85
219,09-09-2019,181.43,185.94,176.14,181.04,10756.78
220,08-09-2019,178.36,184.54,176.62,181.43,9819.85
221,07-09-2019,168.93,180.9,168.93,178.36,11821.39
222,06-09-2019,175.35,178.5,164.83,168.93,25478.3
223,05-09-2019,175.08,178.87,169.44,175.35,10183.72
224,04-09-2019,179.12,180.35,173.47,175.08,9368.13
225,03-09-2019,178.79,183.3,173.72,179.12,14758.53
226,02-09-2019,171.2,181.67,170.59,178.79,9283.76
227,01-09-2019,171.95,174.04,168.02,171.2,3168.83
228,31-08-2019,168.18,174.5,166.38,171.95,2069.81
229,30-08-2019,168.82,170.33,165.63,168.18,6864.1
230,29-08-2019,172.87,173.39,163.6,168.82,17309.71
231,28-08-2019,187.17,188.09,165.71,172.87,26040.43
232,27-08-2019,188.44,189.12,184.56,187.17,3867.55
233,26-08-2019,186.42,193.85,185.79,188.44,7748.66
234,25-08-2019,190.82,192.89,182.74,186.42,4466.9
235,24-08-2019,194.81,194.81,186.42,190.82,4501.41
236,23-08-2019,193.58,196.6,188.86,194.81,7206.3
237,22-08-2019,186.71,194.91,182.66,193.58,10793.06
238,21-08-2019,196.47,196.67,180.0,186.71,20439.2
239,20-08-2019,202.63,202.94,194.63,196.47,11086.94
240,19-08-2019,194.67,203.57,193.08,202.63,12880.33
241,18-08-2019,185.49,198.03,183.4,194.67,6417.62
242,17-08-2019,185.29,187.19,181.99,185.49,2877.2
243,16-08-2019,187.98,188.14,177.99,185.29,24361.46
244,15-08-2019,186.21,189.69,173.58,187.98,47875.68
245,14-08-2019,208.21,209.03,181.71,186.21,50045.75
246,13-08-2019,211.15,211.2,202.91,208.21,19356.4
247,12-08-2019,216.06,216.06,209.49,211.15,6168.58
248,11-08-2019,206.17,216.54,205.88,216.06,6528.18
249,10-08-2019,210.12,214.43,200.75,206.17,16805.48
250,09-08-2019,219.19,220.0,206.89,210.12,16880.64
251,08-08-2019,226.1,226.78,214.5,219.02,11390.82
252,07-08-2019,225.98,231.22,220.12,226.1,15481.23
253,06-08-2019,232.9,239.14,222.61,225.98,16814.92
254,05-08-2019,222.96,236.8,222.96,232.9,15598.61
255,04-08-2019,221.67,223.89,217.33,222.96,2894.3
256,03-08-2019,217.51,224.5,216.53,221.67,9468.13
257,02-08-2019,217.47,222.58,215.0,217.51,8635.88
258,01-08-2019,218.47,218.91,211.58,217.47,10628.72
259,31-07-2019,209.77,218.92,209.77,218.47,7222.67
260,30-07-2019,210.83,214.77,203.66,209.77,8428.75
261,29-07-2019,210.81,215.23,205.52,210.83,7639.34
262,28-07-2019,207.07,213.59,197.77,210.81,8926.41
263,27-07-2019,219.58,223.8,202.01,207.07,12252.16
264,26-07-2019,219.9,220.78,212.79,219.58,4618.86
265,25-07-2019,216.51,225.9,215.41,219.9,11202.46
266,24-07-2019,212.36,218.1,201.02,216.51,14012.25
267,23-07-2019,216.89,219.0,208.36,212.36,12407.36
268,22-07-2019,225.55,228.01,211.43,216.89,21042.58
269,21-07-2019,228.5,229.58,217.85,225.55,3451.25
270,20-07-2019,221.53,236.0,220.6,228.5,16533.61
271,19-07-2019,226.33,226.7,213.16,221.53,17892.09
272,18-07-2019,211.61,229.49,206.56,226.33,30930.45
273,17-07-2019,198.71,220.0,192.19,211.61,40025.17
274,16-07-2019,227.95,234.38,190.0,198.71,73540.97
275,15-07-2019,226.33,235.97,202.61,227.95,74532.07
276,14-07-2019,269.52,270.04,222.92,226.33,41365.69
277,13-07-2019,275.59,275.97,261.89,269.52,5892.68
278,12-07-2019,267.72,279.55,266.62,275.59,8657.95
279,11-07-2019,288.73,288.73,262.04,267.72,33180.58
280,10-07-2019,308.28,315.0,281.27,288.73,37866.3
281,09-07-2019,313.63,318.4,303.15,308.28,20793.67
282,08-07-2019,306.58,314.82,302.66,313.63,24238.86
283,07-07-2019,287.87,310.98,284.53,306.58,7016.46
284,06-07-2019,288.05,297.78,285.5,287.87,5026.11
285,05-07-2019,283.86,294.89,280.05,288.05,11089.25
286,04-07-2019,302.53,303.8,280.28,283.86,9529.69
287,03-07-2019,290.66,303.64,289.73,302.53,15406.57
288,02-07-2019,289.02,293.43,271.42,290.66,20486.05
289,01-07-2019,289.5,301.0,278.79,289.02,21374.08
290,30-06-2019,318.0,323.17,286.14,289.5,16701.76
291,29-06-2019,309.74,324.19,291.73,318.0,15535.87
292,28-06-2019,293.56,312.55,290.0,309.74,29147.08
293,27-06-2019,334.21,343.17,274.2,293.56,55306.59
294,26-06-2019,316.32,363.85,313.48,334.21,68027.02
295,25-06-2019,311.05,317.24,305.0,316.32,18388.27
296,24-06-2019,306.87,313.23,295.23,311.05,12467.2
297,23-06-2019,308.92,317.68,304.2,306.87,12334.37
298,22-06-2019,296.71,316.13,293.65,308.92,48381.04
299,21-06-2019,272.0,297.59,272.0,296.71,24682.96
300,20-06-2019,268.97,274.44,266.33,272.0,10102.73
301,19-06-2019,264.23,270.01,263.53,268.97,8781.64
302,18-06-2019,273.88,274.19,261.02,264.23,13915.06
303,17-06-2019,268.67,275.79,267.73,273.88,11373.39
304,16-06-2019,269.21,279.0,263.55,268.67,8187.89
305,15-06-2019,263.76,273.03,262.0,269.21,6261.23
306,14-06-2019,256.03,266.19,252.99,263.76,9573.44
307,13-06-2019,263.72,264.52,254.28,256.03,8815.34
308,12-06-2019,245.28,263.82,243.29,263.72,15879.38
309,11-06-2019,247.39,249.04,237.26,245.28,7819.79
310,10-06-2019,231.6,247.79,227.83,247.39,7121.1
311,09-06-2019,244.2,245.33,226.55,231.6,5673.81
312,08-06-2019,249.29,251.04,241.78,244.2,6715.38
313,07-06-2019,249.03,254.36,240.0,249.29,37894.84
314,06-06-2019,246.21,250.99,235.52,249.03,8482.46
315,05-06-2019,240.89,249.14,237.28,246.21,12452.52
316,04-06-2019,249.63,250.96,232.93,240.89,22561.66
317,03-06-2019,269.4,270.0,246.59,249.63,14878.81
318,02-06-2019,265.06,274.0,264.2,269.4,4693.83
319,01-06-2019,262.71,273.0,261.13,265.06,4808.14
320,31-05-2019,254.41,264.21,245.51,262.71,19989.04
321,30-05-2019,269.36,288.93,239.0,254.41,49953.44
322,29-05-2019,271.48,274.59,260.14,269.36,25094.0
323,28-05-2019,271.63,276.39,265.49,271.48,12899.02
324,27-05-2019,268.22,279.99,264.65,271.63,27184.16
325,26-05-2019,252.19,271.32,246.4,268.22,18543.42
326,25-05-2019,250.1,258.48,248.57,252.19,8394.87
327,24-05-2019,245.92,256.11,242.52,250.1,9434.1
328,23-05-2019,243.77,248.51,231.5,245.92,15105.36
329,22-05-2019,255.06,261.13,240.0,243.77,31177.93
330,21-05-2019,252.98,264.42,248.0,255.06,19970.84
331,20-05-2019,260.73,260.73,239.23,252.98,26541.58
332,19-05-2019,235.05,264.84,232.99,260.73,15635.92
333,18-05-2019,244.92,248.73,231.35,235.05,13905.54
334,17-05-2019,265.01,269.21,222.59,244.92,57367.62
335,16-05-2019,249.95,280.41,242.38,265.01,102235.07
336,15-05-2019,217.22,251.0,217.22,249.95,89830.81
337,14-05-2019,196.2,220.59,195.41,217.22,65753.51
338,13-05-2019,187.86,209.53,185.65,196.2,69886.01
339,12-05-2019,192.54,204.17,182.43,187.86,37882.85
340,11-05-2019,173.99,208.23,173.11,192.54,41068.06
341,10-05-2019,170.02,176.0,167.5,173.99,18009.06
342,09-05-2019,169.65,173.2,165.3,170.02,14124.84
343,08-05-2019,166.79,171.66,162.0,169.65,19145.49
344,07-05-2019,171.16,180.79,165.5,166.79,26102.1
345,06-05-2019,161.31,175.92,157.8,171.16,23615.18
346,05-05-2019,162.23,163.65,157.45,161.31,4571.45
347,04-05-2019,165.09,168.34,158.0,162.23,7464.41
348,03-05-2019,158.75,169.0,157.88,165.09,19481.66
349,02-05-2019,158.63,160.56,155.79,158.75,9601.06
350,01-05-2019,160.41,162.65,156.53,158.63,7170.82
351,30-04-2019,152.31,161.13,152.31,160.41,18506.19
352,29-04-2019,153.09,154.7,148.82,152.31,10968.84
353,28-04-2019,155.47,156.72,152.47,153.09,7168.77
354,27-04-2019,152.5,158.1,152.5,155.47,8431.1
355,26-04-2019,152.19,155.86,148.37,152.5,22023.8
356,25-04-2019,165.84,166.29,146.9,152.19,30197.44
357,24-04-2019,171.06,171.06,160.31,165.84,30656.91
358,23-04-2019,171.56,176.95,168.98,171.06,19693.36
359,22-04-2019,170.13,173.59,168.48,171.56,8384.05
360,21-04-2019,173.89,174.48,166.29,170.13,8407.15
361,20-04-2019,174.24,177.71,171.0,173.89,4368.78
362,19-04-2019,173.69,174.3,169.3,174.24,13418.24
363,18-04-2019,166.61,176.19,166.18,173.69,19130.26
364,17-04-2019,166.64,168.62,164.62,166.61,10103.44
365,16-04-2019,160.39,167.95,159.76,166.64,12234.98
366,15-04-2019,168.29,169.79,156.0,160.39,19416.77
367,14-04-2019,164.01,169.03,162.0,168.29,5643.21
368,13-04-2019,165.27,166.04,162.28,164.01,6871.5
369,12-04-2019,164.87,167.27,159.22,165.27,17861.68
370,11-04-2019,177.63,177.66,160.51,164.87,36928.42
371,10-04-2019,175.97,185.48,170.51,177.63,27448.04
372,09-04-2019,181.15,181.15,174.49,175.97,19143.78
373,08-04-2019,174.88,188.0,174.11,181.15,66722.77
374,07-04-2019,165.71,176.96,164.22,174.88,17638.41
375,06-04-2019,166.05,174.49,160.33,165.71,12002.17
376,05-04-2019,157.8,168.51,156.17,166.05,23849.67
377,04-04-2019,160.92,164.84,153.58,157.8,59088.92
378,03-04-2019,164.67,179.94,150.51,160.92,108006.29
379,02-04-2019,140.93,167.47,140.84,164.67,76869.73
380,01-04-2019,141.37,142.91,138.85,140.93,11331.89
381,31-03-2019,142.06,142.1,140.19,141.37,2000.36
382,30-03-2019,141.0,145.74,140.13,142.06,5875.6
383,29-03-2019,137.4,141.65,137.04,141.0,9962.02
384,28-03-2019,139.12,139.12,136.65,137.4,16067.33
385,27-03-2019,133.15,139.73,133.06,139.12,14404.32
386,26-03-2019,133.07,133.76,131.56,133.15,15097.43
387,25-03-2019,135.45,136.13,130.69,133.07,13297.09
388,24-03-2019,136.54,136.56,132.33,135.45,26168.27
389,23-03-2019,136.0,137.64,135.5,136.54,2545.81
390,22-03-2019,134.57,137.08,134.06,136.0,5606.97
391,21-03-2019,138.67,139.13,132.08,134.57,15222.0
392,20-03-2019,138.08,139.22,135.53,138.67,25803.63
393,19-03-2019,137.0,138.62,136.27,138.08,8615.41
394,18-03-2019,138.11,141.2,135.57,137.0,11615.22
395,17-03-2019,140.62,140.79,136.75,138.11,10913.31
396,16-03-2019,135.65,144.78,135.65,140.62,38713.38
397,15-03-2019,131.46,136.81,131.46,135.65,14449.01
398,14-03-2019,131.11,134.7,128.9,131.46,14787.65
399,13-03-2019,132.77,132.85,130.25,131.11,6217.16
400,12-03-2019,131.89,134.41,127.69,132.77,15193.44
401,11-03-2019,134.64,135.39,130.55,131.89,12907.36
402,10-03-2019,136.34,136.55,133.47,134.64,2960.7
403,09-03-2019,132.91,138.04,132.12,136.34,6221.14
404,08-03-2019,136.22,138.62,130.0,132.91,16290.24
405,07-03-2019,137.03,139.5,134.84,136.22,17483.43
406,06-03-2019,136.32,140.18,133.31,137.03,20437.09
407,05-03-2019,125.38,137.52,124.9,136.32,25703.74
408,04-03-2019,129.66,130.35,122.61,125.38,15845.47
409,03-03-2019,132.32,134.56,127.39,129.66,6861.54
410,02-03-2019,134.91,136.2,129.69,132.32,13845.58
411,01-03-2019,134.7,137.53,133.95,134.91,11534.07
412,28-02-2019,134.47,138.94,131.69,134.7,20577.33
413,27-02-2019,135.95,139.55,125.77,134.47,29125.28
414,26-02-2019,137.69,138.09,133.12,135.95,14405.13
415,25-02-2019,131.82,141.02,131.32,137.69,36122.84
416,24-02-2019,157.67,165.5,129.32,131.82,92159.9
417,23-02-2019,146.61,159.43,144.31,157.67,19191.07
418,22-02-2019,144.4,147.99,142.2,146.61,31469.22
419,21-02-2019,147.98,148.55,141.93,144.4,22658.48
420,20-02-2019,142.77,148.33,139.29,147.98,30128.73
421,19-02-2019,144.56,149.13,141.95,142.77,26152.4
422,18-02-2019,132.44,147.83,131.29,144.56,31691.91
423,17-02-2019,121.83,136.86,121.34,132.44,63240.91
424,16-02-2019,120.26,123.57,120.26,121.83,3725.71
425,15-02-2019,119.28,123.3,119.28,120.26,8202.44
426,14-02-2019,120.66,123.07,118.97,119.28,13488.14
427,13-02-2019,120.91,125.09,119.59,120.66,16180.75
428,12-02-2019,119.49,122.35,117.24,120.91,18876.23
429,11-02-2019,123.88,124.11,118.4,119.49,19298.69
430,10-02-2019,118.07,125.02,115.0,123.88,15246.37
431,09-02-2019,118.27,119.69,116.35,118.07,7468.55
432,08-02-2019,103.13,121.93,101.0,118.27,63533.27
433,07-02-2019,103.44,104.74,102.73,103.13,6698.08
434,06-02-2019,106.01,106.4,100.0,103.44,30328.14
435,05-02-2019,106.09,106.66,105.2,106.01,9478.96
436,04-02-2019,106.01,107.85,105.5,106.09,8854.36
437,03-02-2019,109.18,109.77,104.7,106.01,6233.03
438,02-02-2019,106.01,110.0,105.27,109.18,8640.54
439,01-02-2019,105.7,107.44,103.01,106.01,13203.89
440,31-01-2019,107.61,110.03,104.74,105.7,19913.28
441,30-01-2019,104.01,109.44,103.0,107.61,22768.71
442,29-01-2019,105.35,105.91,101.0,104.01,69582.93
443,28-01-2019,111.0,112.1,100.82,105.35,58880.87
444,27-01-2019,115.01,115.22,110.57,111.0,34306.91
445,26-01-2019,114.98,117.4,110.0,115.01,6633.12
446,25-01-2019,116.3,117.06,114.25,114.98,19107.57
447,24-01-2019,116.45,117.05,113.8,116.3,19565.23
448,23-01-2019,118.03,118.94,115.05,116.45,14761.03
449,22-01-2019,116.01,119.59,111.06,118.03,20423.19
450,21-01-2019,117.4,118.16,113.61,116.01,9428.34
451,20-01-2019,123.6,123.62,115.81,117.4,12272.05
452,19-01-2019,121.03,126.37,119.35,123.6,13809.19
453,18-01-2019,122.43,122.63,118.2,119.51,10856.07
454,17-01-2019,122.01,123.8,117.2,122.43,21131.92
455,16-01-2019,120.0,127.51,119.38,122.01,30564.81
456,15-01-2019,128.39,130.63,117.03,120.0,37707.28
457,14-01-2019,115.35,131.47,115.35,128.39,41202.99
458,13-01-2019,124.46,125.32,113.4,115.35,19682.87
459,12-01-2019,125.77,127.31,123.35,124.46,5380.85
460,11-01-2019,126.43,128.82,121.66,125.77,16005.89
461,10-01-2019,149.42,150.84,122.24,126.43,56725.36
462,09-01-2019,148.83,153.12,148.15,149.42,21376.58
463,08-01-2019,150.27,153.01,146.52,148.83,25718.8
464,07-01-2019,155.83,157.07,148.45,150.27,30049.43
465,06-01-2019,153.93,159.5,148.3,155.83,48883.44
466,05-01-2019,153.56,160.7,152.02,153.93,23920.27
467,04-01-2019,147.07,155.46,145.11,153.56,34482.59
468,03-01-2019,153.57,154.39,144.48,147.07,20948.64
469,02-01-2019,139.48,156.83,138.78,153.57,50997.02
470,01-01-2019,130.8,140.92,128.72,139.48,22869.36
471,31-12-2018,138.87,138.99,128.24,130.8,37309.08
472,30-12-2018,134.19,139.96,128.84,138.87,14825.31
473,29-12-2018,137.26,147.0,131.74,134.19,22240.81
474,28-12-2018,114.37,138.44,113.27,137.26,43772.83
475,27-12-2018,130.31,131.79,112.01,114.37,80560.46
476,26-12-2018,129.0,136.42,123.6,130.31,24918.78
477,25-12-2018,139.02,139.8,122.0,129.0,50135.35
478,24-12-2018,129.54,159.26,129.54,139.02,82894.86
479,23-12-2018,115.89,133.0,115.89,129.54,41855.53
480,22-12-2018,107.7,120.0,105.72,115.89,21214.75
481,21-12-2018,114.8,119.2,105.02,107.7,77499.65
482,20-12-2018,99.38,118.0,98.62,114.8,101949.68
483,19-12-2018,100.91,109.21,98.0,99.38,90900.65
484,18-12-2018,93.88,101.48,91.5,100.91,40242.73
485,17-12-2018,83.72,97.24,83.65,93.88,56944.15
486,16-12-2018,82.93,86.62,82.93,83.72,17178.21
487,15-12-2018,83.0,84.98,80.83,82.93,21053.07
488,14-12-2018,84.98,85.92,80.98,83.0,34325.58
489,13-12-2018,89.07,90.23,83.77,84.98,43795.34
490,12-12-2018,87.02,91.0,86.03,89.07,31563.15
491,11-12-2018,89.36,90.95,85.0,87.26,23032.8
492,10-12-2018,92.47,94.87,87.5,89.36,27893.94
493,09-12-2018,90.08,98.29,88.23,92.47,16884.55
494,08-12-2018,92.57,94.18,84.05,90.08,39711.93
495,07-12-2018,89.05,96.51,81.5,92.57,125974.84
496,06-12-2018,100.59,105.0,89.05,89.05,158728.47
497,05-12-2018,108.62,109.12,100.43,100.59,34672.06
498,04-12-2018,107.13,112.05,104.77,108.62,24950.12
499,03-12-2018,114.79,115.1,104.86,107.13,27036.1
500,02-12-2018,116.75,119.38,113.0,114.79,22121.02
501,01-12-2018,111.97,121.12,110.0,116.75,19557.57
502,30-11-2018,116.41,119.46,109.5,112.05,39462.4
503,29-11-2018,121.77,123.03,113.15,116.41,47437.74
504,28-11-2018,108.71,126.0,108.71,121.77,69767.11
505,27-11-2018,106.82,111.23,99.26,108.71,70984.6
506,26-11-2018,114.5,116.85,102.73,106.82,89084.78
507,25-11-2018,110.66,118.81,98.2,114.5,116346.4
508,24-11-2018,121.32,125.96,106.61,110.66,48101.46
509,23-11-2018,123.17,125.12,115.2,121.32,70236.74
510,22-11-2018,134.61,136.99,122.5,123.17,38084.55
511,21-11-2018,127.49,137.27,122.5,134.61,94977.47
512,20-11-2018,145.42,149.67,120.38,127.49,190636.95
513,19-11-2018,175.62,175.79,142.38,145.42,91475.88
514,18-11-2018,172.49,179.55,171.76,175.62,12417.16
515,17-11-2018,172.58,174.99,170.58,172.49,11180.47
516,16-11-2018,178.64,179.86,169.0,172.74,39847.33
517,15-11-2018,178.26,181.09,165.35,178.64,40643.15
518,14-11-2018,203.31,204.85,165.0,178.26,93164.97
519,13-11-2018,208.74,208.74,203.0,203.31,11259.82
520,12-11-2018,209.88,211.93,207.1,208.74,7960.87
521,11-11-2018,210.47,210.99,206.0,209.88,6833.15
522,10-11-2018,208.2,212.58,207.85,210.47,2462.72
523,09-11-2018,209.99,212.07,206.45,208.2,9001.27
524,08-11-2018,216.51,217.98,209.76,209.99,25733.18
525,07-11-2018,218.54,222.78,215.27,216.51,20298.29
526,06-11-2018,208.55,218.88,207.09,218.54,31071.27
527,05-11-2018,210.1,211.27,205.63,208.55,16885.08
528,04-11-2018,198.39,217.55,198.01,210.1,16616.73
529,03-11-2018,199.65,199.94,198.01,198.39,4257.41
530,02-11-2018,197.75,202.21,197.65,199.65,14096.93
531,01-11-2018,196.95,198.24,195.56,197.75,10366.27
532,31-10-2018,195.36,198.99,192.0,196.95,21466.61
533,30-10-2018,194.25,196.28,192.56,195.36,12082.55
534,29-10-2018,202.46,202.67,190.52,194.25,25379.04
535,28-10-2018,201.44,203.08,201.02,202.46,5388.28
536,27-10-2018,200.66,201.58,200.25,201.44,3912.18
537,26-10-2018,199.64,204.0,198.52,200.66,14026.93
538,25-10-2018,200.71,200.94,195.0,199.64,24931.58
539,24-10-2018,201.14,203.14,200.25,200.71,13769.6
540,23-10-2018,201.02,202.04,197.71,201.14,10931.46
541,22-10-2018,202.05,203.1,199.7,201.02,17044.2
542,21-10-2018,202.69,205.89,201.49,202.05,5136.2
543,20-10-2018,200.69,204.55,200.5,202.69,12581.98
544,19-10-2018,199.15,201.53,197.46,200.69,13195.16
545,18-10-2018,203.27,205.32,196.97,199.15,24104.17
546,17-10-2018,205.64,206.5,201.35,203.27,10623.73
547,16-10-2018,204.26,204.26,203.53,203.53,0.0
548,15-10-2018,191.55,221.57,190.0,204.26,81720.95
549,14-10-2018,197.0,201.1,189.19,191.55,9538.28
550,13-10-2018,194.12,198.5,193.66,197.0,5299.46
551,12-10-2018,188.39,197.84,186.76,194.12,39371.41
552,11-10-2018,224.0,224.0,185.29,188.39,66492.88
553,10-10-2018,226.51,230.0,221.6,224.0,24732.11
554,09-10-2018,227.75,229.36,224.96,226.51,18767.37
555,08-10-2018,224.92,230.54,222.65,227.75,19313.78
556,07-10-2018,224.44,225.91,220.35,224.92,3905.32
557,06-10-2018,226.13,227.22,221.56,224.44,3666.12
558,05-10-2018,221.0,230.11,218.86,226.13,14787.41
559,04-10-2018,219.2,225.0,218.26,221.0,17976.96
560,03-10-2018,224.81,225.84,214.41,219.2,28841.06
561,02-10-2018,230.24,230.8,221.86,224.81,21163.9
562,01-10-2018,232.21,234.87,224.01,230.24,18619.7
563,30-09-2018,231.57,238.42,225.95,232.21,7020.62
564,29-09-2018,221.48,235.71,213.01,231.57,9403.98
565,28-09-2018,228.71,233.27,213.74,221.48,28443.28
566,27-09-2018,213.96,234.11,210.0,228.71,50381.6
567,26-09-2018,219.11,222.49,207.35,213.96,26825.15
568,25-09-2018,228.0,228.0,203.2,219.11,38700.94
569,24-09-2018,244.15,246.36,225.04,228.0,22588.86
570,23-09-2018,240.17,248.99,236.82,244.15,27853.48
571,22-09-2018,248.02,255.22,232.73,240.17,14325.63
572,21-09-2018,224.8,253.46,221.12,248.02,75388.68
573,20-09-2018,209.71,230.78,206.65,224.8,28139.04
574,19-09-2018,208.35,214.5,197.24,209.71,33120.16
575,18-09-2018,196.5,214.38,193.27,208.35,50157.68
576,17-09-2018,220.37,224.88,192.21,196.5,54702.68
577,16-09-2018,222.07,223.58,207.99,220.37,8736.26
578,15-09-2018,215.41,226.86,211.0,222.07,14289.41
579,14-09-2018,211.54,224.79,202.65,215.41,48592.29
580,13-09-2018,182.6,214.94,182.6,211.54,53414.83
581,12-09-2018,184.9,184.9,167.49,182.6,78002.93
582,11-09-2018,196.9,198.95,176.01,184.9,49548.48
583,10-09-2018,196.29,202.52,186.65,196.9,38348.96
584,09-09-2018,196.87,208.11,175.7,196.29,74845.25
585,08-09-2018,215.3,219.51,186.0,196.87,51058.59
586,07-09-2018,229.25,234.04,210.07,215.3,50477.22
587,06-09-2018,227.86,235.0,210.0,229.25,83379.91
588,05-09-2018,284.78,287.64,226.43,227.86,53240.67
589,04-09-2018,288.73,291.97,280.56,284.78,31791.19
590,03-09-2018,294.24,296.45,285.24,288.73,11418.55
591,02-09-2018,295.19,299.61,289.0,294.24,8569.62
592,01-09-2018,281.61,302.0,280.34,295.19,16593.04
593,31-08-2018,284.14,284.8,276.65,281.61,12389.62
594,30-08-2018,288.52,290.98,272.51,284.14,20165.39
595,29-08-2018,295.24,297.0,284.3,288.52,15506.05
596,28-08-2018,287.82,297.53,282.88,295.24,21287.73
597,27-08-2018,274.39,288.38,271.63,287.82,21011.57
598,26-08-2018,277.74,277.74,269.61,274.39,8384.27
599,25-08-2018,282.08,282.78,276.79,277.74,8080.58
600,24-08-2018,275.62,283.0,270.02,282.08,21744.55
601,23-08-2018,270.32,280.75,268.17,275.62,24799.66
602,22-08-2018,280.86,298.67,259.49,270.32,72522.34
603,21-08-2018,270.76,285.68,269.35,280.86,20469.11
604,20-08-2018,299.88,303.82,269.19,270.76,27619.18
605,19-08-2018,294.7,306.85,289.13,299.88,26372.15
606,18-08-2018,317.18,321.08,283.0,294.7,20473.65
607,17-08-2018,287.22,317.49,285.62,317.18,65350.85
608,16-08-2018,281.28,299.03,278.0,287.22,29041.78
609,15-08-2018,278.49,304.75,277.01,281.28,46300.13
610,14-08-2018,284.17,284.25,250.33,278.49,93169.13
611,13-08-2018,318.34,322.29,281.18,284.17,56863.44
612,12-08-2018,308.09,308.09,308.09,308.09,0.0
613,11-08-2018,328.15,328.15,304.49,308.09,24219.2
614,10-08-2018,363.25,365.76,325.0,328.15,26979.48
615,09-08-2018,355.4,370.29,351.3,363.25,17904.22
616,08-08-2018,377.7,380.73,347.66,355.4,33433.65
617,07-08-2018,404.78,410.2,369.0,377.7,18717.11
618,06-08-2018,408.82,414.0,401.0,404.78,9726.21
619,05-08-2018,406.18,413.16,400.0,408.82,5477.61
620,04-08-2018,417.43,420.0,400.94,406.18,4851.35
621,03-08-2018,410.9,419.25,398.08,417.43,14130.75
622,02-08-2018,419.1,423.92,407.0,410.9,28811.92
623,01-08-2018,431.63,434.39,407.49,419.1,18557.89
624,31-07-2018,456.1,462.04,421.33,431.63,20067.34
625,30-07-2018,466.04,469.02,445.0,456.1,15375.08
626,29-07-2018,467.88,470.91,462.0,466.04,2149.9
627,28-07-2018,468.8,471.42,460.23,467.88,2999.92
628,27-07-2018,462.0,473.49,455.29,468.8,13463.38
629,26-07-2018,470.8,483.99,458.97,462.0,10598.61
630,25-07-2018,480.34,485.0,463.04,470.8,8567.79
631,24-07-2018,449.0,484.56,447.91,480.34,18722.12
632,23-07-2018,457.21,469.0,446.34,449.0,12500.04
633,22-07-2018,461.39,471.22,453.94,457.21,3464.49
634,21-07-2018,450.24,467.97,442.5,461.39,4364.32
635,20-07-2018,468.83,469.22,441.0,450.24,25191.64
636,19-07-2018,478.81,483.36,462.06,468.83,19429.74
637,18-07-2018,499.11,515.88,470.1,478.81,25198.37
638,17-07-2018,478.71,511.11,465.53,499.11,33954.57
639,16-07-2018,448.77,480.0,444.0,478.71,14288.66
640,15-07-2018,433.59,454.27,431.32,448.77,5393.66
641,14-07-2018,431.0,440.57,428.7,433.59,2637.64
642,13-07-2018,430.98,441.95,425.16,431.0,10318.9
643,12-07-2018,445.58,445.72,418.47,430.98,11187.93
644,11-07-2018,433.12,447.3,425.08,445.58,13090.01
645,10-07-2018,471.04,473.57,427.11,433.12,32401.13
646,09-07-2018,485.87,487.88,468.84,471.04,13527.26
647,08-07-2018,486.0,495.0,481.01,485.87,11453.83
648,07-07-2018,468.3,486.3,461.31,486.0,6993.76
649,06-07-2018,467.94,475.0,450.04,467.48,10534.54
650,05-07-2018,467.15,478.07,457.75,467.94,20345.42
651,04-07-2018,461.96,481.6,451.22,467.15,18529.57
652,03-07-2018,476.74,485.67,457.6,461.96,29623.12
653,02-07-2018,452.09,481.9,444.05,476.74,18843.86
654,01-07-2018,453.67,455.92,444.65,452.09,7599.54
655,30-06-2018,434.86,461.0,434.86,453.67,12069.9
656,29-06-2018,420.4,442.73,403.19,434.86,45574.07
657,28-06-2018,441.64,444.0,416.87,420.4,16710.44
658,27-06-2018,429.41,445.45,418.85,441.64,28083.65
659,26-06-2018,457.94,461.0,429.41,429.41,27954.51
660,25-06-2018,455.35,472.75,444.8,457.94,27319.73
661,24-06-2018,474.78,476.15,420.32,455.35,68470.38
662,23-06-2018,463.32,480.33,457.4,474.78,10043.18
663,22-06-2018,525.33,525.52,450.0,463.32,56383.04
664,21-06-2018,536.4,545.0,521.8,525.33,12296.34
665,20-06-2018,539.82,541.3,517.1,536.4,17161.81
666,19-06-2018,517.47,547.0,514.2,539.82,18910.4
667,18-06-2018,496.58,524.44,487.32,517.47,15201.88
668,17-06-2018,497.72,507.88,493.76,496.58,6931.37
669,16-06-2018,487.52,502.52,484.17,497.72,10599.44
670,15-06-2018,519.82,520.98,482.84,487.52,59253.94
671,14-06-2018,477.4,526.1,460.0,519.82,53021.94
672,13-06-2018,494.57,502.37,450.84,477.4,64492.44
673,12-06-2018,531.59,538.21,485.0,494.57,46178.16
674,11-06-2018,525.0,536.01,507.69,531.59,33430.06
675,10-06-2018,592.69,592.69,503.72,525.0,28900.21
676,09-06-2018,602.61,608.92,590.0,592.69,7962.7
677,08-06-2018,604.83,607.0,591.28,602.61,19313.03
678,07-06-2018,605.79,615.42,598.18,604.83,21349.52
679,06-06-2018,607.31,611.81,592.84,605.79,15494.85
680,05-06-2018,590.66,612.0,575.0,607.31,28188.74
681,04-06-2018,618.49,624.84,579.12,590.66,17216.66
682,03-06-2018,590.62,628.0,590.0,618.49,7111.58
683,02-06-2018,578.75,599.95,574.0,590.62,13449.28
684,01-06-2018,577.3,588.61,564.01,578.75,18253.67
685,31-05-2018,557.11,584.99,552.99,577.3,24802.46
686,30-05-2018,566.72,585.0,542.0,557.11,39761.01
687,29-05-2018,511.37,572.73,511.0,566.72,30245.98
688,28-05-2018,569.23,574.0,506.82,511.37,28579.83
689,27-05-2018,584.8,591.19,556.82,569.23,12215.74
690,26-05-2018,584.6,606.1,568.58,584.8,14856.61
691,25-05-2018,602.08,615.99,569.0,584.6,33677.89
692,24-05-2018,573.94,609.77,545.0,602.08,49901.47
693,23-05-2018,642.0,648.69,553.16,573.94,56677.77
694,22-05-2018,696.21,699.0,636.3,642.0,33077.83
695,21-05-2018,713.5,717.81,686.76,696.21,13934.72
696,20-05-2018,696.64,722.92,687.0,713.5,11474.08
697,19-05-2018,691.14,715.96,670.0,696.64,19925.33
698,18-05-2018,668.8,692.0,657.02,691.14,33015.5
699,17-05-2018,706.95,718.76,661.01,668.8,27612.22
700,16-05-2018,706.11,710.53,677.08,706.95,24115.77
701,15-05-2018,728.15,738.0,694.16,706.11,37570.44
702,14-05-2018,729.3,741.72,685.0,728.15,49983.58
703,13-05-2018,683.5,739.76,670.01,729.3,15194.32
704,12-05-2018,684.66,691.41,640.0,683.5,20111.67
705,11-05-2018,722.95,736.23,665.68,677.32,48905.08
706,10-05-2018,750.82,767.0,719.0,722.95,33511.17
707,09-05-2018,747.29,760.64,700.0,750.82,43688.79
708,08-05-2018,751.28,775.0,720.0,747.29,30515.04
709,07-05-2018,785.76,790.76,691.92,751.28,61983.59
710,06-05-2018,815.15,833.0,749.18,785.76,25691.55
711,05-05-2018,781.28,824.0,777.22,815.15,21938.98
712,04-05-2018,774.98,802.86,758.63,781.28,32503.11
713,03-05-2018,685.07,784.99,684.82,774.98,51108.67
714,02-05-2018,669.5,689.29,661.8,685.07,26928.62
715,01-05-2018,669.58,674.89,628.24,669.5,34913.0
716,30-04-2018,689.69,693.82,661.18,669.58,24575.94
717,29-04-2018,682.85,699.0,666.0,689.69,13424.74
718,28-04-2018,643.09,692.98,640.0,682.85,16488.74
719,27-04-2018,661.08,685.56,640.04,643.09,29371.5
720,26-04-2018,617.5,665.0,599.38,661.08,38857.67
721,25-04-2018,703.72,703.78,595.55,617.5,80327.39
722,24-04-2018,643.0,710.0,642.99,703.72,54576.83
723,23-04-2018,621.26,647.85,618.41,643.0,31204.61
724,22-04-2018,605.76,642.9,591.47,621.26,24269.56
725,21-04-2018,617.01,624.08,575.0,605.76,18954.35
726,20-04-2018,566.26,624.99,557.24,618.13,48169.69
727,19-04-2018,525.26,568.79,521.07,566.26,30570.46
728,18-04-2018,502.68,526.21,500.95,525.26,25461.41
729,17-04-2018,511.49,520.91,499.72,502.68,28233.22
730,16-04-2018,534.0,538.0,498.98,511.49,25705.75
731,15-04-2018,502.21,534.0,502.21,534.0,21791.38
732,14-04-2018,495.2,514.0,486.97,502.21,15541.98
733,13-04-2018,494.14,529.0,481.27,495.2,60605.24
734,12-04-2018,429.98,498.25,400.0,494.14,99897.39
735,11-04-2018,415.01,433.33,410.43,429.98,24763.33
736,10-04-2018,398.88,418.68,391.14,415.01,19840.83
737,09-04-2018,400.94,430.61,388.0,398.88,46634.18
738,08-04-2018,384.92,404.0,384.5,400.94,11853.22
739,07-04-2018,370.2,395.0,370.19,384.92,11512.38
740,06-04-2018,380.99,386.0,363.91,369.08,29959.24
741,05-04-2018,378.05,386.99,365.28,380.99,35896.68
742,04-04-2018,415.49,417.21,370.0,378.05,38209.23
743,03-04-2018,384.94,418.69,377.71,415.49,40997.88
744,02-04-2018,378.55,393.69,373.0,384.94,31255.42
745,01-04-2018,393.84,399.76,358.88,378.55,43415.4
746,31-03-2018,393.81,420.01,389.22,393.84,30482.24
747,30-03-2018,382.42,411.0,363.0,393.81,78815.9
748,29-03-2018,445.52,448.97,380.0,382.42,104554.77
749,28-03-2018,449.77,465.09,440.0,445.52,42334.11
750,27-03-2018,486.22,492.31,447.0,449.77,52965.58
751,26-03-2018,522.57,525.8,466.0,486.22,43337.8
752,25-03-2018,519.98,535.0,512.59,522.57,14923.99
753,24-03-2018,543.0,545.0,519.18,519.98,10951.06
754,23-03-2018,539.49,543.0,507.08,543.0,32383.61
755,22-03-2018,560.21,577.95,516.86,539.49,32072.36
756,21-03-2018,558.09,593.0,545.0,560.21,37535.58
757,20-03-2018,555.1,568.09,516.48,558.09,66496.89
758,19-03-2018,538.2,558.91,512.5,555.1,92172.2
759,18-03-2018,570.0,570.0,570.0,570.0,0.0
760,17-03-2018,601.38,604.55,570.0,570.0,4472.14
761,16-03-2018,611.24,625.16,584.55,601.38,37047.02
762,15-03-2018,613.42,623.7,570.29,611.24,55802.74
763,14-03-2018,690.34,704.85,583.01,613.42,53931.29
764,13-03-2018,697.28,714.0,679.89,690.34,24321.07
765,12-03-2018,720.2,739.0,676.22,697.28,22759.7
766,11-03-2018,682.57,734.93,670.73,720.2,12974.05
767,10-03-2018,727.0,749.49,676.56,682.57,19049.54
768,09-03-2018,696.99,730.38,640.0,727.0,56567.05
769,08-03-2018,749.89,771.43,686.7,696.99,45464.1
770,07-03-2018,813.12,824.97,724.0,749.89,48766.14
771,06-03-2018,848.03,849.65,802.0,813.12,23031.64
772,05-03-2018,862.9,870.15,848.0,848.03,10963.3
773,04-03-2018,854.6,867.0,835.32,862.9,9938.95
774,03-03-2018,855.3,866.08,850.0,854.6,6303.67
775,02-03-2018,868.75,876.0,847.5,855.3,20864.96
776,01-03-2018,849.81,879.0,843.99,868.75,19838.26
777,28-02-2018,870.5,888.0,847.59,849.81,17074.33
778,27-02-2018,866.45,894.9,860.0,870.5,23933.63
779,26-02-2018,840.87,878.25,836.32,866.45,20725.42
780,25-02-2018,833.09,849.94,818.0,840.87,14394.36
781,24-02-2018,856.58,876.43,810.18,833.09,21959.6
782,23-02-2018,803.9,881.55,787.71,856.58,30686.51
783,22-02-2018,840.01,870.0,788.0,803.9,42139.77
784,21-02-2018,885.22,906.03,815.89,840.01,39257.84
785,20-02-2018,939.6,959.0,876.0,885.22,30426.92
786,19-02-2018,915.81,955.0,909.0,939.6,11128.68
787,18-02-2018,976.98,983.0,909.98,915.81,24315.61
788,17-02-2018,937.7,978.53,935.0,976.98,20721.18
789,16-02-2018,927.97,946.71,910.0,937.7,22379.64
790,15-02-2018,920.81,949.67,905.49,927.97,34269.48
791,14-02-2018,840.58,925.0,840.01,920.81,39389.31
792,13-02-2018,866.27,869.08,825.0,840.58,23427.43
793,12-02-2018,812.56,874.97,810.09,866.27,40211.13
794,11-02-2018,852.0,858.63,780.1,812.56,29061.85
795,10-02-2018,879.49,910.0,817.2,852.0,50593.33
796,09-02-2018,812.64,882.0,780.01,879.49,54621.69
797,08-02-2018,750.91,845.0,750.0,812.64,52921.42
798,07-02-2018,785.01,862.0,720.01,750.91,96641.84
799,06-02-2018,692.32,813.99,564.0,785.01,223470.92
800,05-02-2018,823.53,855.0,606.0,692.32,219924.79
801,04-02-2018,970.0,970.0,779.0,823.53,67540.68
802,03-02-2018,914.12,994.9,844.85,970.0,52928.34
803,02-02-2018,1021.9,1021.9,735.0,914.12,195221.4
804,01-02-2018,1101.69,1148.66,934.38,1021.9,105785.0
805,31-01-2018,1052.95,1116.0,1013.0,1101.69,75773.48
806,30-01-2018,1165.0,1169.1,1020.0,1052.95,94698.91
807,29-01-2018,1223.6,1228.88,1138.66,1165.0,44723.5
808,28-01-2018,1106.0,1228.0,1091.11,1223.6,48844.53
809,27-01-2018,1048.0,1122.29,1032.01,1106.0,41650.94
810,26-01-2018,1044.0,1075.65,985.0,1048.0,55153.99
811,25-01-2018,1060.0,1103.0,1009.95,1044.0,59903.99
812,24-01-2018,986.19,1064.49,956.0,1060.0,60791.71
813,23-01-2018,998.0,1022.0,906.11,986.19,83861.53
814,22-01-2018,1049.92,1080.0,915.0,998.0,81226.74
815,21-01-2018,1149.68,1150.0,1010.0,1049.92,39134.9
816,20-01-2018,1039.82,1164.0,1039.82,1149.68,59630.88
817,19-01-2018,1024.11,1105.0,997.5,1039.82,79505.54
818,18-01-2018,1026.6,1104.0,953.8,1024.11,141198.15
819,17-01-2018,1069.51,1127.1,758.59,1026.6,238715.97
820,16-01-2018,1274.09,1284.02,865.0,1069.51,167187.17
821,15-01-2018,1360.53,1378.5,1261.98,1274.09,39594.63
822,14-01-2018,1381.85,1387.0,1270.0,1360.53,43362.66
823,13-01-2018,1259.74,1420.01,1205.0,1381.85,64476.78
824,12-01-2018,1139.0,1280.0,1000.0,1259.74,78324.2
825,11-01-2018,1251.81,1335.0,1100.0,1139.0,112094.24
826,10-01-2018,1292.25,1387.0,1205.0,1251.81,108128.15
827,09-01-2018,1135.25,1303.06,1128.0,1292.25,94368.75
828,08-01-2018,1115.11,1231.12,960.42,1135.25,138201.78
829,07-01-2018,1004.9,1115.12,1000.0,1115.11,67335.3
830,06-01-2018,968.33,1007.0,963.5,1004.9,45005.17
831,05-01-2018,947.88,1020.0,931.4,968.33,87910.32
832,04-01-2018,940.0,999.0,905.0,947.88,108386.15
833,03-01-2018,859.98,950.0,847.65,940.0,115126.42
834,02-01-2018,750.77,877.0,750.77,859.98,99445.53
835,01-01-2018,736.11,760.0,719.0,750.77,35343.63
836,31-12-2017,697.0,744.0,692.11,736.11,26891.55
837,30-12-2017,746.32,749.91,692.0,697.0,41800.8
838,29-12-2017,720.23,752.0,708.0,746.32,53036.98
839,28-12-2017,739.67,743.36,676.0,720.23,75191.53
840,27-12-2017,754.79,765.8,706.14,739.67,54363.85
841,26-12-2017,729.01,764.67,728.05,754.79,47195.94
842,25-12-2017,690.92,755.7,682.77,729.01,52438.7
843,24-12-2017,722.01,728.73,601.32,690.92,92061.2
844,23-12-2017,672.46,764.95,660.0,722.01,65218.0
845,22-12-2017,797.76,802.69,480.0,672.46,293412.72
846,21-12-2017,805.0,841.45,765.12,797.76,98873.87
847,20-12-2017,820.83,832.32,720.0,805.0,127748.84
848,19-12-2017,787.1,872.0,770.0,820.83,125465.47
849,18-12-2017,721.52,798.69,685.02,787.1,80206.4
850,17-12-2017,696.26,739.57,692.78,721.52,36680.94
851,16-12-2017,688.95,711.48,680.0,696.26,41623.06
852,15-12-2017,698.18,699.0,615.0,688.95,110930.45
853,14-12-2017,703.2,755.0,661.5,698.18,110813.78
854,13-12-2017,671.51,758.0,600.0,703.2,179202.2
855,12-12-2017,515.99,685.09,495.0,671.51,170207.04
856,11-12-2017,440.16,519.23,439.0,515.99,73689.51
857,10-12-2017,473.35,473.49,429.0,440.16,82507.18
858,09-12-2017,453.68,502.0,450.1,473.35,59655.65
859,08-12-2017,423.48,463.0,413.99,453.68,107044.24
860,07-12-2017,421.27,436.81,400.01,423.48,95522.06
861,06-12-2017,459.81,463.0,415.0,421.27,93347.59
862,05-12-2017,467.5,469.5,450.0,459.81,41944.41
863,04-12-2017,464.0,471.88,446.09,467.5,31152.74
864,03-12-2017,457.03,481.0,445.01,464.0,36994.08
865,02-12-2017,463.5,471.0,449.29,457.03,41997.48
866,01-12-2017,433.84,467.96,413.95,463.5,52796.18
867,30-11-2017,435.26,470.13,395.0,433.84,145126.01
868,29-11-2017,468.24,515.61,418.0,435.26,99839.22
869,28-11-2017,477.26,479.0,457.9,468.24,52075.92
870,27-11-2017,469.8,489.0,460.1,477.26,52892.52
871,26-11-2017,465.51,471.84,450.0,469.8,38623.82
872,25-11-2017,470.52,484.6,456.0,465.51,53455.5
873,24-11-2017,406.68,479.99,400.08,470.52,92073.22
874,23-11-2017,381.0,428.07,375.16,406.68,82751.93
875,22-11-2017,361.0,381.31,360.87,381.0,34225.28
876,21-11-2017,368.24,375.0,350.0,361.0,75104.12
877,20-11-2017,355.0,373.1,354.62,368.24,38172.44
878,19-11-2017,347.37,373.21,344.89,355.0,31358.31
879,18-11-2017,331.4,349.0,326.32,347.37,25481.32
880,17-11-2017,330.01,334.55,326.0,331.4,20098.81
881,16-11-2017,331.68,335.0,322.31,330.01,33830.83
882,15-11-2017,335.39,340.0,325.0,331.68,58810.31
883,14-11-2017,314.5,337.16,312.71,335.39,61700.92
884,13-11-2017,306.47,318.63,305.36,314.5,35099.68
885,12-11-2017,314.0,319.0,299.5,306.47,64763.35
886,11-11-2017,298.01,321.2,297.51,314.0,36235.16
887,10-11-2017,320.5,326.0,290.0,298.01,54138.08
888,09-11-2017,307.21,331.23,305.57,320.5,51669.57
889,08-11-2017,292.25,319.98,289.27,307.21,83017.93
890,07-11-2017,297.54,303.5,288.0,292.25,44708.02
891,06-11-2017,296.04,305.02,290.49,297.54,31571.15
892,05-11-2017,302.0,302.0,295.0,296.04,7882.89
893,04-11-2017,305.75,305.87,295.0,302.0,9250.88
894,03-11-2017,285.31,308.0,282.72,305.75,30525.24
895,02-11-2017,290.4,293.0,277.24,285.31,66309.96
896,01-11-2017,303.49,304.79,289.0,290.4,34467.98
897,31-10-2017,306.5,309.76,303.49,303.49,15328.63
898,30-10-2017,303.22,309.42,303.05,306.5,11484.23
899,29-10-2017,294.21,310.0,294.0,303.22,19998.76
900,28-10-2017,296.66,297.84,292.0,294.21,9250.73
901,27-10-2017,296.06,299.17,292.91,296.66,8122.91
902,26-10-2017,296.45,301.86,293.0,296.06,13595.96
903,25-10-2017,296.35,304.0,289.0,296.45,23785.01
904,24-10-2017,286.25,313.0,280.0,296.35,51035.77
905,23-10-2017,294.32,294.54,275.51,286.25,47239.96
906,22-10-2017,300.01,306.0,291.56,294.32,17691.69
907,21-10-2017,303.77,303.77,291.22,300.01,26061.83
908,20-10-2017,308.0,311.76,302.0,303.77,29352.43
909,19-10-2017,313.94,317.03,304.19,308.0,25441.33
910,18-10-2017,316.21,316.21,287.99,313.94,66217.62
911,17-10-2017,333.77,334.18,308.78,316.21,63277.02
912,16-10-2017,336.49,350.0,330.0,333.77,36281.3
913,15-10-2017,337.33,340.73,319.51,336.49,29926.06
914,14-10-2017,336.64,346.51,333.36,337.33,21915.31
915,13-10-2017,302.76,346.98,299.0,336.64,82601.81
916,12-10-2017,302.5,307.27,301.01,302.76,40036.94
917,11-10-2017,298.46,303.77,297.5,302.5,23785.16
918,10-10-2017,295.98,304.97,291.21,298.46,18506.11
919,09-10-2017,308.81,309.21,285.39,295.98,52208.1
920,08-10-2017,311.82,314.56,308.53,308.81,18581.62
921,07-10-2017,305.57,313.0,304.51,311.82,12178.96
922,06-10-2017,294.28,305.57,293.81,305.57,20575.09
923,05-10-2017,291.48,297.01,286.46,294.28,16539.28
924,04-10-2017,291.78,296.03,289.0,291.48,33792.44
925,03-10-2017,296.22,300.95,286.37,291.78,35081.83
926,02-10-2017,302.9,302.9,292.29,296.22,29156.8
927,01-10-2017,301.27,303.0,295.0,302.9,11908.69
928,30-09-2017,293.24,304.96,293.17,301.27,14926.85
929,29-09-2017,302.41,304.15,278.0,293.24,55100.11
930,28-09-2017,309.88,310.11,297.88,302.41,39043.7
931,27-09-2017,288.01,311.72,287.56,309.88,47287.99
932,26-09-2017,293.84,295.52,287.0,288.01,21923.64
933,25-09-2017,282.94,297.27,282.51,293.84,37721.22
934,24-09-2017,285.53,294.0,274.95,282.94,31934.7
935,23-09-2017,263.38,286.27,258.99,285.53,29792.66
936,22-09-2017,258.5,270.98,254.51,263.38,45405.14
937,21-09-2017,282.62,286.56,251.12,258.5,104271.31
938,20-09-2017,283.01,293.89,278.0,282.62,47654.57
939,19-09-2017,297.8,300.31,276.0,283.01,88727.6
940,18-09-2017,260.02,300.77,260.02,297.8,118430.33
941,17-09-2017,255.01,268.0,241.25,260.02,48550.98
942,16-09-2017,258.48,270.0,247.32,255.01,46314.91
943,15-09-2017,223.41,268.74,200.0,258.48,294160.02
944,14-09-2017,275.49,280.49,222.09,223.41,247630.07
945,13-09-2017,293.8,294.5,256.77,275.49,169610.7
946,12-09-2017,298.36,317.31,286.0,293.8,98061.29
947,11-09-2017,299.84,308.49,287.01,298.36,80234.78
948,10-09-2017,302.83,305.35,283.48,299.84,78995.93
949,09-09-2017,307.98,309.95,293.64,302.83,54638.73
950,08-09-2017,335.0,335.08,290.0,307.98,134480.96
951,07-09-2017,339.12,340.0,322.08,335.0,65719.35
952,06-09-2017,317.62,341.24,316.64,339.12,102864.62
953,05-09-2017,301.73,304.43,262.88,262.88,14098.61
954,04-09-2017,352.18,352.18,280.0,301.73,212736.84
955,03-09-2017,354.39,371.48,339.41,352.18,104014.06
956,02-09-2017,392.13,393.21,333.0,354.39,207265.68
957,01-09-2017,388.48,398.07,387.41,392.13,89903.04
958,31-08-2017,384.0,390.01,380.0,388.48,108500.54
959,30-08-2017,372.02,390.85,368.0,384.0,150439.19
960,29-08-2017,348.17,374.35,345.28,372.02,165297.18
961,28-08-2017,347.8,350.0,337.5,348.17,112604.1
962,27-08-2017,331.33,347.96,331.13,347.8,58942.54
963,26-08-2017,331.33,331.33,331.33,331.33,0.0
964,25-08-2017,324.79,338.2,324.0,331.33,102655.62
965,24-08-2017,317.74,328.7,315.53,324.79,107215.83
966,23-08-2017,314.03,325.64,313.56,317.74,108934.79
967,22-08-2017,321.98,328.02,292.73,314.03,165310.98
968,21-08-2017,297.39,343.96,293.6,321.98,215598.48
969,20-08-2017,292.94,297.97,288.0,297.39,88084.86
970,19-08-2017,292.33,298.14,285.1,292.94,117238.43
971,18-08-2017,300.95,306.02,285.0,292.33,88828.3
972,17-08-2017,301.0,310.0,298.0,300.95,92386.87
973,16-08-2017,286.46,302.07,280.25,301.0,94204.1
974,15-08-2017,298.39,299.02,271.0,286.46,180656.32
975,14-08-2017,295.45,305.0,289.02,298.39,129935.54
976,13-08-2017,307.22,308.3,287.03,295.45,149358.68
977,12-08-2017,308.77,320.0,304.0,307.22,132468.05
978,11-08-2017,298.05,309.99,295.3,308.77,88835.52
979,10-08-2017,295.72,310.0,289.0,298.05,112670.04
980,09-08-2017,296.53,315.49,277.81,295.72,255087.64
981,08-08-2017,269.58,299.99,266.5,296.53,134176.17
982,07-08-2017,264.17,274.88,255.13,269.58,104572.8
983,06-08-2017,253.7,271.87,247.83,264.17,171646.45
984,05-08-2017,219.11,260.03,217.97,253.7,223906.21
985,04-08-2017,224.02,227.65,218.0,219.11,102629.34
986,03-08-2017,217.98,228.72,217.98,224.02,83325.94
987,02-08-2017,225.72,228.91,215.31,217.98,83277.01
988,01-08-2017,201.79,232.0,201.53,225.72,204704.62
989,31-07-2017,195.64,202.98,190.07,201.79,144605.78
990,30-07-2017,205.17,210.0,193.0,195.64,132745.47
991,29-07-2017,191.24,209.81,176.0,205.17,193653.07
992,28-07-2017,202.7,203.98,190.0,191.24,125224.7
993,27-07-2017,202.78,206.88,198.56,202.7,118820.56
994,26-07-2017,202.71,209.0,191.0,202.78,154896.38
995,25-07-2017,225.91,226.56,191.0,202.71,264069.32
996,24-07-2017,229.08,230.61,223.32,225.91,115416.19
997,23-07-2017,232.0,235.93,220.12,229.08,153142.83
998,22-07-2017,216.81,237.43,215.99,232.0,142040.47
999,21-07-2017,228.88,237.97,208.69,216.81,162360.33
1000,20-07-2017,194.99,236.09,194.98,228.88,292474.73
1001,19-07-2017,226.19,246.8,190.0,194.99,339447.25
1002,18-07-2017,191.51,262.99,178.0,226.19,401689.43
1003,17-07-2017,155.38,191.52,153.0,191.51,243506.33
1004,16-07-2017,168.82,171.86,132.0,155.38,360853.19
1005,15-07-2017,197.03,198.52,168.0,168.82,198488.57
1006,14-07-2017,205.85,207.5,181.2,197.03,182149.21
1007,13-07-2017,224.5,226.65,192.25,205.85,192769.75
1008,12-07-2017,190.11,225.72,182.01,224.5,248222.74
1009,11-07-2017,203.35,215.96,175.5,190.11,290012.82
1010,10-07-2017,237.72,240.33,188.14,203.35,226172.48
1011,09-07-2017,245.44,253.31,237.02,237.72,101905.45
1012,08-07-2017,240.4,248.0,230.4,245.44,164101.0
1013,07-07-2017,266.17,266.56,235.02,240.4,184201.98
1014,06-07-2017,266.76,274.0,260.18,266.17,143510.61
1015,05-07-2017,270.0,273.89,253.27,266.76,161945.75
1016,04-07-2017,277.0,282.0,266.0,270.0,140335.27
1017,03-07-2017,283.99,284.82,273.03,277.0,126650.75
1018,02-07-2017,261.99,293.65,255.38,283.99,112725.96
1019,01-07-2017,280.8,283.0,252.6,261.99,163332.57
1020,30-06-2017,293.8,304.94,270.77,280.8,146545.22
1021,29-06-2017,317.59,322.84,285.23,293.8,152271.32
1022,28-06-2017,286.21,324.95,260.49,317.59,184030.56
1023,27-06-2017,253.0,288.17,210.02,286.21,173179.4
1024,26-06-2017,278.73,299.9,210.0,253.0,249076.24
1025,25-06-2017,304.8,310.0,251.49,278.73,118213.95
1026,24-06-2017,326.75,330.86,300.01,304.8,63424.4
1027,23-06-2017,319.68,330.53,319.39,326.75,62030.87
1028,22-06-2017,324.29,333.64,307.52,319.68,100754.93
1029,21-06-2017,350.0,352.0,280.0,324.29,176262.61
1030,20-06-2017,358.76,365.0,321.0,350.0,106539.35
1031,19-06-2017,351.01,361.53,347.16,358.76,53267.9
1032,18-06-2017,368.61,378.85,337.29,351.01,70306.99
1033,17-06-2017,348.0,368.61,335.32,368.61,58920.52
1034,16-06-2017,341.82,357.01,314.28,348.0,89412.59
1035,15-06-2017,341.52,346.96,250.0,341.82,254739.05
1036,14-06-2017,389.19,393.0,310.0,341.52,174703.56
1037,13-06-2017,394.9,398.92,356.0,389.19,89055.95
1038,12-06-2017,339.0,418.5,310.0,394.9,156872.57
1039,11-06-2017,331.22,346.99,309.0,339.0,58874.67
1040,10-06-2017,280.21,344.01,279.99,331.22,93171.47
1041,09-06-2017,261.04,280.37,260.01,280.21,65933.54
1042,08-06-2017,256.02,261.83,248.0,261.04,85525.81
1043,07-06-2017,267.44,267.48,246.12,256.02,46863.53
1044,06-06-2017,248.37,268.85,245.98,267.44,83824.46
1045,05-06-2017,245.9,248.98,240.0,248.37,50037.97
1046,04-06-2017,224.5,248.99,224.5,245.9,50112.03
1047,03-06-2017,222.78,227.0,219.0,224.5,41639.97
1048,02-06-2017,220.07,224.99,213.5,222.78,81448.32
1049,01-06-2017,228.99,234.0,205.26,220.07,125350.76
1050,31-05-2017,228.71,234.0,215.0,228.99,131779.56
1051,30-05-2017,194.99,231.8,186.15,228.71,151882.4
1052,29-05-2017,174.0,197.9,167.01,194.99,61601.23
1053,28-05-2017,159.23,182.36,159.23,174.0,57782.49
1054,27-05-2017,165.14,172.0,120.1,159.23,109646.5
1055,26-05-2017,180.78,195.0,143.25,165.14,131710.79
1056,25-05-2017,192.75,217.88,157.68,180.78,146233.71
1057,24-05-2017,170.0,200.0,168.74,192.75,148446.92
1058,23-05-2017,166.68,173.25,157.0,170.0,99089.38
1059,22-05-2017,146.77,175.0,136.33,166.68,152680.7
1060,21-05-2017,123.2,150.0,122.5,146.77,53609.26
1061,20-05-2017,124.39,128.5,121.14,123.2,34838.56
1062,19-05-2017,96.54,129.0,95.93,124.39,66937.62
1063,18-05-2017,87.0,97.0,86.49,96.54,30111.88
1064,17-05-2017,87.91,89.1,81.0,87.0,143376.53
1065,16-05-2017,90.24,92.0,84.0,87.91,151173.6
1066,15-05-2017,88.89,94.48,85.0,90.24,195736.59
1067,14-05-2017,87.8,88.89,87.5,88.89,6225.49
1068,13-05-2017,85.38,88.3,81.0,87.8,16288.02
1069,12-05-2017,88.27,91.01,83.93,85.38,101938.7
1070,11-05-2017,89.15,90.48,84.5,88.27,107095.97
1071,10-05-2017,87.59,91.86,86.51,89.15,11930.97
1072,09-05-2017,89.66,92.98,74.3,87.59,36802.7
1073,08-05-2017,92.67,94.29,85.55,89.66,37847.94
1074,07-05-2017,95.84,98.79,88.85,92.67,52138.21
1075,06-05-2017,91.64,96.98,90.53,95.84,49146.76
1076,05-05-2017,94.99,97.98,88.05,91.64,48399.04
1077,04-05-2017,80.0,95.77,79.74,94.99,67030.48
1078,03-05-2017,77.7,81.86,75.18,80.0,29233.32
1079,02-05-2017,77.33,80.59,74.51,77.7,107670.73
1080,01-05-2017,79.71,84.84,72.12,77.33,130952.09
1081,30-04-2017,70.21,79.8,69.5,79.71,19186.26
1082,29-04-2017,72.65,73.98,67.36,70.21,13668.14
1083,28-04-2017,63.35,74.1,62.5,72.65,32562.5
1084,27-04-2017,53.53,64.05,53.16,63.35,21150.87
1085,26-04-2017,50.42,56.02,50.41,53.53,22349.65
1086,25-04-2017,50.5,50.82,49.97,50.42,8653.88
1087,24-04-2017,48.79,50.99,48.79,50.5,10785.38
1088,23-04-2017,48.63,49.22,48.35,48.79,4244.0
1089,22-04-2017,48.47,49.16,48.25,48.63,5359.25
1090,21-04-2017,49.61,49.65,48.13,48.47,7741.24
1091,20-04-2017,47.96,49.8,47.44,49.61,16186.93
1092,19-04-2017,49.98,50.43,47.79,47.96,24277.1
1093,18-04-2017,48.23,50.4,48.0,49.98,17442.77
1094,17-04-2017,48.29,48.7,47.69,48.23,7128.97
1095,16-04-2017,48.53,49.13,47.57,48.29,10406.79
1096,15-04-2017,47.5,48.98,46.99,48.53,19563.32
1097,14-04-2017,50.23,50.25,46.52,47.5,13506.66
1098,13-04-2017,46.54,50.91,46.49,50.23,21079.14
1099,12-04-2017,43.87,47.99,43.33,46.54,26082.3
1100,11-04-2017,43.92,44.68,43.73,43.87,3870.56
1101,10-04-2017,43.87,45.65,42.8,43.92,5523.11
1102,09-04-2017,44.85,44.85,43.21,43.87,3168.79
1103,08-04-2017,42.42,45.76,42.42,44.85,7471.49
1104,07-04-2017,43.48,44.48,41.9,42.42,11915.96
1105,06-04-2017,45.38,45.95,41.45,43.48,19077.14
1106,05-04-2017,44.59,47.26,44.36,45.38,12970.36
1107,04-04-2017,44.0,45.92,41.42,44.59,23781.12
1108,03-04-2017,48.61,48.61,43.0,44.0,47001.53
1109,02-04-2017,50.92,51.15,47.56,48.61,19260.29
1110,01-04-2017,49.07,51.91,48.75,50.92,16087.15
1111,31-03-2017,51.99,52.0,46.44,49.07,39781.02
1112,30-03-2017,53.32,53.5,51.76,51.99,16244.75
1113,29-03-2017,50.27,54.54,50.15,53.32,24058.06
1114,28-03-2017,48.81,50.75,48.53,50.27,21460.44
1115,27-03-2017,50.39,51.54,48.0,48.81,25598.01
1116,26-03-2017,50.32,51.5,48.48,50.39,14596.5
1117,25-03-2017,52.81,52.98,47.4,50.32,56774.9
1118,24-03-2017,43.14,53.0,42.45,52.81,62530.48
1119,23-03-2017,41.35,44.0,40.51,43.14,26834.47
1120,22-03-2017,42.5,43.05,38.38,41.35,25858.84
1121,21-03-2017,42.0,43.94,41.71,42.5,15711.74
1122,20-03-2017,42.31,45.9,40.0,42.0,36863.4
1123,19-03-2017,34.0,45.99,33.27,42.31,42060.19
1124,18-03-2017,44.51,44.71,31.0,34.0,70039.13
1125,17-03-2017,45.6,51.99,28.5,44.51,99319.45
1126,16-03-2017,35.0,46.5,34.95,45.6,95182.99
1127,15-03-2017,28.99,35.0,28.69,35.0,43996.77
1128,14-03-2017,28.76,29.96,27.5,28.99,29859.26
1129,13-03-2017,23.6,32.0,23.6,28.76,245850.24
1130,12-03-2017,21.5,24.0,21.4,23.6,19543.48
1131,11-03-2017,19.1,21.53,18.51,21.5,70708.17
1132,10-03-2017,18.0,19.78,16.47,19.1,332830.87
1133,09-03-2017,16.52,18.49,15.11,18.0,15452.72
1134,08-03-2017,18.95,19.37,16.44,16.52,34003.3
1135,07-03-2017,19.97,19.97,18.61,18.95,177247.46
1136,06-03-2017,19.2,20.51,18.97,19.97,169248.33
1137,05-03-2017,18.65,19.23,18.15,19.2,17130.0
1138,04-03-2017,19.6,20.14,18.63,18.65,9311.64
1139,03-03-2017,19.21,20.78,18.01,19.6,101699.21
1140,02-03-2017,17.87,19.48,17.0,19.21,47518.12
1141,01-03-2017,16.05,17.9,15.8,17.87,304655.91
1142,28-02-2017,15.5,16.97,15.27,16.05,412558.43
1143,27-02-2017,14.95,15.98,14.41,15.5,24030.06
1144,26-02-2017,13.72,14.95,13.46,14.95,10793.79
1145,25-02-2017,13.22,13.72,13.13,13.72,8066.92
1146,24-02-2017,13.14,13.32,12.68,13.22,9097.76
1147,23-02-2017,12.69,13.35,12.53,13.14,19213.15
1148,22-02-2017,12.84,12.85,12.69,12.69,2277.14
1149,21-02-2017,12.54,12.84,12.25,12.84,10075.25
1150,20-02-2017,12.78,12.89,12.54,12.54,8606.06
1151,19-02-2017,12.8,13.03,12.78,12.78,12829.45
1152,18-02-2017,12.74,12.91,12.74,12.8,9588.47
1153,17-02-2017,12.96,12.96,12.73,12.74,9004.9
1154,16-02-2017,13.06,13.06,12.65,12.96,1827755.14
1155,15-02-2017,12.98,13.23,12.73,13.06,16210.11
1156,14-02-2017,11.31,13.41,11.3,12.98,28179.74
1157,13-02-2017,11.36,11.49,11.27,11.31,4384.39
1158,12-02-2017,11.39,11.41,11.36,11.36,3642.93
1159,11-02-2017,11.31,11.39,11.28,11.39,2766.97
1160,10-02-2017,11.06,11.44,10.87,11.31,6767.39
1161,09-02-2017,11.47,11.61,10.51,11.06,8642.56
1162,08-02-2017,11.51,11.74,11.25,11.47,2513.27
1163,07-02-2017,11.32,11.51,11.24,11.51,2185.12
1164,06-02-2017,11.23,11.32,11.22,11.32,1479.98
1165,05-02-2017,11.3,11.39,11.04,11.23,1374.79
1166,04-02-2017,10.98,11.41,10.98,11.3,6240.84
1167,03-02-2017,10.78,10.99,10.5,10.98,111975.14
1168,02-02-2017,10.73,10.99,10.58,10.78,114590.06
1169,01-02-2017,10.76,10.95,10.57,10.73,77900.9
1170,31-01-2017,10.73,10.93,10.61,10.76,33762.77
1171,30-01-2017,10.51,10.9,10.51,10.73,31052.25
1172,29-01-2017,10.58,10.64,10.51,10.51,690.21
1173,28-01-2017,10.68,10.7,10.58,10.58,215.89
1174,27-01-2017,10.71,10.76,10.51,10.68,5435.34
1175,26-01-2017,10.66,10.71,10.51,10.71,1358.8
1176,25-01-2017,10.57,10.71,10.48,10.66,3630.46
1177,24-01-2017,10.77,10.77,10.57,10.57,2026.5
1178,23-01-2017,10.76,10.77,10.71,10.77,1319.99
1179,22-01-2017,10.86,10.92,10.64,10.76,2846.07
1180,21-01-2017,10.72,10.93,10.64,10.86,2629.25
1181,20-01-2017,10.45,10.72,10.45,10.72,2778.75
1182,19-01-2017,10.25,10.73,10.19,10.45,3491.86
1183,18-01-2017,10.15,10.44,10.0,10.25,1200.56
1184,17-01-2017,9.6,10.44,9.6,10.15,7147.2
1185,16-01-2017,9.81,10.01,9.6,9.6,3069.29
1186,15-01-2017,9.88,10.01,9.79,9.81,526.41
1187,14-01-2017,10.24,10.24,9.69,9.88,1982.09
1188,13-01-2017,9.76,10.25,9.56,10.24,3501.79
1189,12-01-2017,9.87,10.47,9.4,9.76,11446.77
1190,11-01-2017,10.68,10.74,9.5,9.87,8385.73
1191,10-01-2017,10.24,10.74,10.24,10.68,6278.68
1192,09-01-2017,10.42,10.93,10.02,10.24,3208.09
1193,08-01-2017,10.07,10.42,9.71,10.42,7057.56
1194,07-01-2017,10.19,10.32,9.41,10.07,4595.48
1195,06-01-2017,10.59,10.59,9.53,10.19,2692.91
1196,05-01-2017,11.0,11.94,9.2,10.59,9251.79
1197,04-01-2017,9.76,11.15,9.73,11.0,9804.29
1198,03-01-2017,8.55,9.98,8.3,9.76,7480.04
1199,02-01-2017,8.24,8.55,8.15,8.55,2295.84
1200,01-01-2017,8.1,8.54,8.1,8.24,1086.41
1201,31-12-2016,8.54,8.54,8.08,8.1,960.73
1202,30-12-2016,8.38,8.54,8.1,8.54,911.58
1203,29-12-2016,8.03,8.54,7.66,8.38,1426.67
1204,28-12-2016,7.23,8.54,7.13,8.03,6024.4
1205,27-12-2016,7.29,7.49,7.12,7.23,576.22
1206,26-12-2016,7.22,7.29,7.17,7.29,508.85
1207,25-12-2016,7.29,7.29,7.2,7.22,520.38
1208,24-12-2016,7.25,7.41,7.19,7.29,738.7
1209,23-12-2016,7.81,7.81,7.17,7.25,1590.7
1210,22-12-2016,7.95,7.97,7.52,7.81,7949.54
1211,21-12-2016,7.58,7.99,7.58,7.95,1782.02
1212,20-12-2016,7.77,7.99,7.58,7.58,726.24
1213,19-12-2016,7.93,7.94,7.72,7.77,343.63
1214,18-12-2016,7.65,7.98,7.65,7.93,486.17
1215,17-12-2016,7.89,7.89,7.54,7.65,322.47
1216,16-12-2016,7.75,7.89,7.51,7.89,785.85
1217,15-12-2016,8.46,8.46,7.75,7.75,1788.86
1218,14-12-2016,8.47,8.47,8.31,8.46,1383.4
1219,13-12-2016,8.45,8.71,8.33,8.47,1002.78
1220,12-12-2016,8.46,8.6,8.3,8.45,404.73
1221,11-12-2016,8.31,8.56,8.1,8.46,37.17
1222,10-12-2016,8.64,8.65,8.15,8.31,327.98
1223,09-12-2016,8.3,8.67,8.02,8.64,1241.11
1224,08-12-2016,8.56,8.75,8.25,8.3,1103.6
1225,07-12-2016,7.8,8.56,7.41,8.56,3612.61
1226,06-12-2016,6.77,8.15,5.99,7.8,9025.84
1227,05-12-2016,7.55,7.62,6.75,6.77,3813.59
1228,04-12-2016,8.1,8.16,7.52,7.55,780.41
1229,03-12-2016,7.45,8.25,7.45,8.1,9598.35
1230,02-12-2016,8.39,8.46,7.24,7.45,14100.39
1231,01-12-2016,8.64,8.64,8.25,8.39,2378.79
1232,30-11-2016,8.37,9.14,8.22,8.64,1304.73
1233,29-11-2016,8.77,9.02,8.0,8.37,2774.51
1234,28-11-2016,8.91,9.41,8.77,8.77,1058.61
1235,27-11-2016,9.5,9.87,8.9,8.91,2139.29
1236,26-11-2016,9.51,9.57,9.31,9.5,208.95
1237,25-11-2016,9.4,9.69,9.2,9.51,2518.66
1238,24-11-2016,9.79,9.91,9.01,9.4,4791.53
1239,23-11-2016,9.87,9.97,9.78,9.79,878.46
1240,22-11-2016,9.6,10.19,9.55,9.87,2359.89
1241,21-11-2016,9.5,9.61,9.5,9.6,467.23
1242,20-11-2016,9.83,9.86,9.5,9.5,513.86
1243,19-11-2016,9.52,9.92,9.51,9.83,636.39
1244,18-11-2016,9.98,10.0,9.5,9.52,3954.9
1245,17-11-2016,9.96,10.36,9.93,9.98,774.43
1246,16-11-2016,10.4,10.4,9.94,9.96,3836.88
1247,15-11-2016,10.05,10.4,9.9,10.4,900.82
1248,14-11-2016,10.22,10.22,9.86,10.05,579.15
1249,13-11-2016,10.0,10.22,9.68,10.22,1717.56
1250,12-11-2016,10.26,10.33,9.75,10.0,2034.96
1251,11-11-2016,10.6,10.73,10.26,10.26,1347.8
1252,10-11-2016,10.79,11.95,10.59,10.6,1519.4
1253,09-11-2016,10.91,10.98,10.45,10.79,3521.56
1254,08-11-2016,11.0,11.19,10.86,10.91,2047.18
1255,07-11-2016,10.89,11.2,10.89,11.0,211.92
1256,06-11-2016,11.11,11.15,10.89,10.89,828.38
1257,05-11-2016,11.11,11.2,11.01,11.07,352.69
1258,04-11-2016,10.82,11.19,10.81,11.11,390.99
1259,03-11-2016,10.87,11.19,10.75,10.82,1400.36
1260,02-11-2016,10.7,11.43,10.62,10.87,820.08
1261,01-11-2016,11.01,11.47,10.41,10.7,3576.69
1262,31-10-2016,11.35,11.56,11.01,11.01,2214.4
1263,30-10-2016,10.36,11.43,10.3,11.35,1816.99
1264,29-10-2016,11.07,11.56,9.88,10.36,5814.95
1265,28-10-2016,11.43,11.43,11.05,11.07,4388.98
1266,27-10-2016,11.5,11.58,11.3,11.43,1451.78
1267,26-10-2016,11.59,11.87,11.35,11.5,690.31
1268,25-10-2016,11.98,12.2,11.11,11.59,4427.42
1269,24-10-2016,12.05,12.05,11.85,11.98,8362.9
1270,23-10-2016,12.04,12.08,12.0,12.05,451.85
1271,22-10-2016,12.0,12.08,12.0,12.04,211.94
1272,21-10-2016,12.08,12.08,12.0,12.0,439.15
1273,20-10-2016,11.93,12.18,11.81,12.08,2486.99
1274,19-10-2016,12.51,12.96,11.82,11.93,2602.01
1275,18-10-2016,12.0,12.96,12.0,12.51,2545.52
1276,17-10-2016,11.98,12.0,11.82,12.0,425.49
1277,16-10-2016,12.0,12.04,11.95,11.98,367.75
1278,15-10-2016,11.93,12.02,11.82,12.0,1697.85
1279,14-10-2016,12.14,12.15,11.87,11.93,332.89
1280,13-10-2016,11.82,12.19,11.78,12.14,591.83
1281,12-10-2016,11.73,12.0,11.65,11.82,3710.1
1282,11-10-2016,11.76,12.22,11.73,11.73,889.99
1283,10-10-2016,12.33,12.33,11.65,11.76,776.21
1284,09-10-2016,12.33,12.7,12.03,12.33,744.61
1285,08-10-2016,12.63,12.82,12.14,12.33,733.39
1286,07-10-2016,12.91,13.49,12.36,12.63,4951.49
1287,06-10-2016,13.1,13.42,12.74,12.91,4023.44
1288,05-10-2016,13.4,13.7,13.1,13.1,1648.1
1289,04-10-2016,13.36,13.61,13.25,13.4,2575.01
1290,03-10-2016,13.3,13.51,13.1,13.36,1455.65
1291,02-10-2016,13.28,13.3,13.1,13.3,2052.47
1292,01-10-2016,13.21,13.41,13.13,13.28,621.82
1293,30-09-2016,13.25,13.44,13.14,13.21,1985.88
1294,29-09-2016,13.22,13.38,13.13,13.25,810.28
1295,28-09-2016,13.03,13.68,13.03,13.22,1334.56
1296,27-09-2016,12.96,13.71,12.96,13.03,2867.25
1297,26-09-2016,13.03,13.16,12.9,12.96,1741.39
1298,25-09-2016,12.97,13.11,12.9,13.03,82.78
1299,24-09-2016,13.52,13.52,12.84,12.97,1090.4
1300,23-09-2016,13.1,13.59,12.98,13.52,2704.98
1301,22-09-2016,13.5,14.02,12.51,13.1,2471.21
1302,21-09-2016,14.45,14.45,12.97,13.5,3045.12
1303,20-09-2016,13.05,14.45,13.05,14.45,7111.35
1304,19-09-2016,12.31,13.09,12.2,13.05,4333.69
1305,18-09-2016,12.7,12.91,12.2,12.31,2918.02
1306,17-09-2016,12.5,12.8,12.45,12.7,1487.71
1307,16-09-2016,12.0,12.75,11.93,12.5,3797.03
1308,15-09-2016,12.0,12.02,11.85,12.0,1417.31
1309,14-09-2016,11.93,12.02,11.91,12.0,1129.52
1310,13-09-2016,11.88,12.16,11.83,11.93,3579.81
1311,12-09-2016,11.73,11.92,11.61,11.88,1642.19
1312,11-09-2016,11.98,12.05,11.73,11.73,800.01
1313,10-09-2016,11.62,12.0,11.4,11.98,1408.05
1314,09-09-2016,11.48,11.74,10.5,11.62,4024.18
1315,08-09-2016,11.69,11.78,11.3,11.48,1646.03
1316,07-09-2016,11.74,11.99,11.57,11.69,873.58
1317,06-09-2016,11.98,12.0,11.5,11.74,462.9
1318,05-09-2016,11.8,12.0,11.7,11.98,650.46
1319,04-09-2016,12.0,12.09,11.58,11.8,359.9
1320,03-09-2016,12.15,12.51,11.61,12.0,2109.78
1321,02-09-2016,12.43,12.43,11.89,12.15,1520.87
1322,01-09-2016,11.5,13.5,11.5,12.43,4992.16
1323,31-08-2016,11.3,13.5,11.2,11.5,6153.48
1324,30-08-2016,11.08,11.3,11.06,11.3,1988.55
1325,29-08-2016,11.09,11.24,10.93,11.08,1845.55
1326,28-08-2016,11.3,11.3,11.02,11.09,338.7
1327,27-08-2016,11.32,11.44,11.19,11.3,384.1
1328,26-08-2016,11.22,11.49,11.22,11.32,1115.02
1329,25-08-2016,11.02,11.35,11.02,11.22,764.66
1330,24-08-2016,11.07,11.35,11.02,11.02,707.3
1331,23-08-2016,11.36,11.41,11.04,11.07,1140.95
1332,22-08-2016,11.28,11.5,11.15,11.36,1609.02
1333,21-08-2016,11.05,11.28,11.01,11.28,310.65
1334,20-08-2016,10.8,11.48,10.8,11.05,1754.43
1335,19-08-2016,10.84,11.0,10.8,10.8,896.15
1336,18-08-2016,10.84,11.74,10.8,10.84,1719.17
1337,17-08-2016,11.34,11.34,10.84,10.84,1566.9
1338,16-08-2016,11.36,11.38,11.03,11.34,1448.23
1339,15-08-2016,11.21,11.51,11.02,11.36,2833.37
1340,14-08-2016,11.73,11.76,11.21,11.21,1008.92
1341,13-08-2016,11.89,11.95,11.57,11.73,1628.52
1342,12-08-2016,11.75,12.12,11.75,11.89,2333.59
1343,11-08-2016,12.35,12.46,11.68,11.75,1781.72
1344,10-08-2016,12.38,12.68,11.91,12.35,3789.16
1345,09-08-2016,11.5,12.5,11.16,12.38,5027.99
1346,08-08-2016,11.01,11.5,11.01,11.5,2419.07
1347,07-08-2016,11.03,11.21,10.86,11.01,852.22
1348,06-08-2016,11.42,11.42,10.65,11.03,833.65
1349,05-08-2016,11.64,11.64,11.0,11.42,1238.55
1350,04-08-2016,10.44,12.49,10.2,11.64,2336.52
1351,03-08-2016,8.52,10.49,8.51,10.44,15559.61
1352,02-08-2016,11.24,11.24,7.6,8.52,15825.29
1353,01-08-2016,11.91,11.91,11.0,11.24,5498.03
1354,31-07-2016,12.75,12.75,11.79,11.91,2145.8
1355,30-07-2016,12.98,13.1,12.67,12.75,1031.85
1356,29-07-2016,13.29,13.29,12.72,12.98,624.5
1357,28-07-2016,13.34,13.34,12.66,13.29,2241.36
1358,27-07-2016,12.24,13.45,12.03,13.34,4326.15
1359,26-07-2016,13.75,14.15,11.96,12.24,15645.05
1360,25-07-2016,12.34,13.75,12.34,13.75,4072.6
1361,24-07-2016,14.45,15.0,12.32,12.34,7630.38
1362,23-07-2016,14.74,15.72,14.45,14.45,3588.26
1363,22-07-2016,13.09,14.82,12.8,14.74,11438.83
1364,21-07-2016,12.65,13.1,12.07,13.09,6365.46
1365,20-07-2016,11.97,14.0,11.52,12.65,7431.21
1366,19-07-2016,11.15,13.47,11.13,11.97,4735.25
1367,18-07-2016,11.32,11.79,11.15,11.15,1348.5
1368,17-07-2016,10.2,11.8,10.2,11.32,787.78
1369,16-07-2016,12.2,12.21,10.2,10.2,2574.99
1370,15-07-2016,11.52,12.98,11.51,12.2,3977.4
1371,14-07-2016,10.76,11.71,10.72,11.52,1985.32
1372,13-07-2016,10.87,11.3,10.5,10.76,1800.92
1373,12-07-2016,10.83,11.35,10.49,10.87,1963.68
1374,11-07-2016,11.13,11.13,10.4,10.83,3726.61
1375,10-07-2016,11.09,11.2,10.9,11.13,1557.73
1376,09-07-2016,11.57,11.88,10.87,11.09,1975.47
1377,08-07-2016,10.1,11.88,10.1,11.57,5714.93
1378,07-07-2016,11.0,11.0,9.83,10.1,2702.99
1379,06-07-2016,10.69,11.9,10.51,11.0,3600.05
1380,05-07-2016,11.45,11.99,9.67,10.69,13438.7
1381,04-07-2016,11.89,11.89,11.41,11.45,1413.04
1382,03-07-2016,12.09,12.37,11.51,11.89,3909.02
1383,02-07-2016,12.26,12.26,11.97,12.09,1765.73
1384,01-07-2016,12.5,12.5,11.73,12.26,5085.21
1385,30-06-2016,12.95,12.95,12.08,12.5,2609.25
1386,29-06-2016,12.26,13.0,11.75,12.95,7941.36
1387,28-06-2016,15.29,15.29,11.57,12.26,17413.49
1388,27-06-2016,13.82,15.72,13.63,15.29,3796.06
1389,26-06-2016,14.49,14.51,13.71,13.82,1066.05
1390,25-06-2016,14.14,14.8,14.14,14.49,1050.2
1391,24-06-2016,13.76,14.35,13.33,14.14,7828.3
1392,23-06-2016,13.43,14.79,12.7,13.76,5147.88
1393,22-06-2016,12.8,15.75,12.7,13.43,35749.91
1394,21-06-2016,11.85,12.97,11.3,12.8,10773.89
1395,20-06-2016,12.59,12.6,10.69,11.85,44972.27
1396,19-06-2016,11.42,15.55,10.53,12.59,14349.0
1397,18-06-2016,15.65,15.67,9.0,11.42,38541.26
1398,17-06-2016,20.95,21.44,13.75,15.65,56219.2
1399,16-06-2016,18.39,25.05,18.39,20.95,26153.23
1400,15-06-2016,18.92,19.06,17.51,18.39,7858.19
1401,14-06-2016,17.64,19.07,16.52,18.92,15418.29
1402,13-06-2016,15.75,17.64,15.57,17.64,14199.54
1403,12-06-2016,14.11,15.75,14.11,15.75,22319.13
1404,11-06-2016,13.97,14.16,13.84,14.11,1327.38
1405,10-06-2016,14.47,14.47,13.83,13.97,2607.96
1406,09-06-2016,14.51,14.55,14.36,14.47,1827.07
1407,08-06-2016,14.5,14.73,14.38,14.51,13512.07
1408,07-06-2016,14.16,14.64,13.93,14.5,6686.81
1409,06-06-2016,13.91,14.4,13.83,14.16,3665.31
1410,05-06-2016,13.86,13.92,13.7,13.91,787.49
1411,04-06-2016,14.02,14.16,13.64,13.86,4330.5
1412,03-06-2016,13.9,16.05,13.5,14.02,11426.53
1413,02-06-2016,13.95,14.13,13.82,13.9,942.85
1414,01-06-2016,14.18,14.35,13.54,13.95,6390.06
1415,31-05-2016,12.66,14.35,12.52,14.18,15674.97
1416,30-05-2016,12.53,12.79,12.41,12.66,7805.15
1417,29-05-2016,11.81,12.73,11.5,12.53,8275.37
1418,28-05-2016,11.39,12.27,10.41,11.81,10997.83
1419,27-05-2016,12.6,12.61,10.64,11.39,7755.79
1420,26-05-2016,12.53,12.9,12.2,12.6,6065.53
1421,25-05-2016,12.82,12.89,11.83,12.53,11737.45
1422,24-05-2016,13.55,13.79,12.12,12.82,7947.0
1423,23-05-2016,14.2,14.43,13.44,13.55,5266.88
1424,22-05-2016,13.97,14.45,13.75,14.2,2865.95
1425,21-05-2016,13.9,13.98,13.09,13.97,4069.43
1426,20-05-2016,14.5,14.77,13.54,13.9,10944.34
1427,19-05-2016,13.3,14.5,13.3,14.5,6077.46
1428,18-05-2016,12.23,14.0,12.23,13.3,6130.3
1429,17-05-2016,11.37,12.49,11.28,12.23,7240.04
1430,16-05-2016,10.06,11.41,10.06,11.37,3345.92
1431,15-05-2016,10.25,10.59,10.06,10.06,1433.64
1432,14-05-2016,10.69,10.98,10.01,10.25,670.55
1433,13-05-2016,10.2,11.59,10.2,10.69,1769.71
1434,12-05-2016,10.43,12.0,9.92,10.2,2072.56
1435,11-05-2016,9.68,10.47,9.68,10.43,3052.51
1436,10-05-2016,9.98,9.98,9.36,9.68,672.06
1437,09-05-2016,12.0,12.0,9.36,9.98,1317.9
